Employment 2024,"Occupational Openings, 2024-2034 Annual Average","Employment Percent Change, 2024-2034","Employment Change, 2024-2034",Typical Entry-Level Education_High school diploma or equivalent,Median Annual Wage 2024,Typical on-the-job Training_nan,trCode,Typical Entry-Level Education_Bachelor's degree,Typical on-the-job Training_Short-term on-the-job training,Predicted Employment 2034
1579.8,124.2,4.6,72.8,0.0,81680.0,1.0,6,1.0,0.0,1612.8860000000016
33.6,2.4,21.8,7.3,0.0,125770.0,0.0,3,1.0,0.0,38.957000000000036
15.3,0.9,6.8,1.0,0.0,78140.0,1.0,6,0.0,0.0,16.08000000000002
12.2,1.3,1.0,0.1,1.0,45210.0,0.0,4,0.0,0.0,12.107999999999986
17.5,0.5,-0.7,-0.1,0.0,115230.0,0.0,5,0.0,1.0,17.49100000000002
271.2,23.2,4.6,12.6,0.0,108390.0,1.0,6,1.0,0.0,290.2639999999997
40.9,3.9,-13.7,-5.6,0.0,59950.0,1.0,6,1.0,0.0,37.47700000000003
27.0,2.1,-2.2,-0.6,0.0,126960.0,1.0,6,1.0,0.0,26.340999999999994
103.7,9.3,-6.4,-6.6,1.0,61460.0,0.0,4,0.0,0.0,98.08400000000012
9.3,0.9,8.1,0.8,0.0,79830.0,1.0,6,0.0,0.0,9.732000000000008
71.6,4.5,6.1,4.4,0.0,134830.0,1.0,6,1.0,0.0,73.64399999999996
21.4,2.2,8.7,1.9,0.0,96310.0,1.0,6,1.0,0.0,22.98599999999999
1.7,0.1,5.9,0.1,0.0,84630.0,1.0,6,1.0,0.0,1.8020000000000007
65.2,10.5,7.7,5.0,0.0,42580.0,0.0,4,0.0,0.0,70.58400000000005
14.7,2.2,1.5,0.2,0.0,50990.0,0.0,4,1.0,0.0,15.183000000000014
10.7,0.8,4.1,0.4,0.0,86350.0,1.0,6,0.0,0.0,11.427000000000014
18.6,2.9,4.3,0.8,0.0,46790.0,0.0,4,0.0,0.0,19.18100000000003
10.1,1.5,2.3,0.2,0.0,40390.0,0.0,5,0.0,1.0,10.515999999999984
24.1,2.2,1.2,0.3,0.0,144580.0,0.0,3,0.0,0.0,24.727000000000025
10.3,1.1,5.2,0.5,1.0,63940.0,1.0,6,0.0,0.0,10.805999999999989
139.4,11.3,4.0,5.6,0.0,78680.0,1.0,6,0.0,0.0,145.69899999999993
28.0,4.3,5.1,1.4,1.0,41540.0,0.0,5,0.0,1.0,29.254000000000016
33.6,2.8,-14.5,-4.9,1.0,61680.0,0.0,4,0.0,0.0,30.009999999999987
16.9,1.6,4.2,0.7,1.0,56750.0,0.0,3,0.0,0.0,17.218
100.0,11.7,3.9,3.9,0.0,226600.0,0.0,4,1.0,0.0,103.1599999999999
12.3,1.4,-1.3,-0.2,1.0,34330.0,0.0,4,0.0,0.0,12.289999999999996
392.3,102.4,3.4,13.2,0.0,30490.0,0.0,5,0.0,1.0,408.71699999999987
7.9,1.2,2.4,0.2,1.0,52000.0,0.0,5,0.0,1.0,8.034000000000013
392.1,74.6,12.1,47.6,1.0,33470.0,0.0,5,0.0,1.0,424.68399999999946
12.2,1.3,3.9,0.5,1.0,45830.0,0.0,4,0.0,0.0,12.368999999999993
2.8,0.2,5.8,0.2,0.0,79120.0,1.0,6,1.0,0.0,2.8879999999999995
47.3,7.1,5.1,2.4,1.0,38750.0,0.0,4,0.0,0.0,49.504000000000005
8.8,0.8,3.7,0.3,0.0,64910.0,1.0,6,0.0,0.0,9.14500000000001
6.5,0.5,2.7,0.2,0.0,95770.0,1.0,6,0.0,0.0,6.6179999999999986
9.1,0.3,4.3,0.4,0.0,67710.0,0.0,4,1.0,0.0,9.242
123.6,7.8,3.9,4.8,0.0,96690.0,0.0,1,1.0,0.0,128.28699999999986
110.5,10.0,4.1,4.6,0.0,64280.0,1.0,6,0.0,0.0,115.11300000000011
212.5,14.5,3.8,8.0,0.0,167740.0,1.0,6,1.0,0.0,221.64700000000008
11.6,0.9,2.0,0.2,0.0,101480.0,1.0,6,0.0,0.0,11.848000000000006
9.3,1.1,3.8,0.4,0.0,61570.0,1.0,6,0.0,0.0,9.268000000000002
14.5,1.1,2.4,0.3,0.0,84290.0,1.0,6,0.0,0.0,14.86999999999998
135.0,12.3,4.2,5.7,0.0,111040.0,1.0,6,1.0,0.0,141.64500000000007
122.8,9.0,1.7,2.1,0.0,80190.0,1.0,6,0.0,0.0,125.4089999999999
13.9,1.2,0.8,0.1,0.0,72760.0,0.0,3,0.0,0.0,14.188999999999997
1.8,0.1,2.2,0.0,0.0,132170.0,1.0,6,0.0,0.0,1.757000000000001
19.1,2.1,5.5,1.0,0.0,62360.0,0.0,3,0.0,0.0,19.985000000000028
33.9,2.4,11.1,3.8,0.0,60250.0,1.0,6,0.0,0.0,37.196999999999974
9.4,0.7,0.7,0.1,0.0,97450.0,1.0,6,1.0,0.0,9.404
14.0,1.0,2.6,0.4,0.0,101390.0,1.0,6,0.0,0.0,14.365000000000002
92.3,7.3,3.3,3.1,0.0,54830.0,0.0,5,0.0,1.0,93.97199999999995
15.8,0.7,9.5,1.5,0.0,92120.0,1.0,6,0.0,0.0,16.825999999999993
24.6,2.6,6.6,1.6,0.0,50620.0,0.0,5,0.0,1.0,25.939000000000014
100.0,14.4,-1.0,-1.0,0.0,34850.0,0.0,5,0.0,1.0,98.67199999999998
172.6,14.6,1.6,2.8,1.0,51680.0,0.0,3,0.0,0.0,172.94200000000004
20.4,1.4,3.6,0.7,1.0,47260.0,0.0,4,0.0,0.0,20.46599999999998
805.6,70.0,4.2,33.6,0.0,49670.0,0.0,5,0.0,1.0,848.8649999999996
21.4,1.8,8.2,1.7,0.0,81390.0,1.0,6,0.0,0.0,22.872999999999966
32.5,4.6,-1.6,-0.5,1.0,36020.0,0.0,5,0.0,1.0,32.24599999999998
19.0,1.8,-2.2,-0.4,1.0,57050.0,0.0,4,0.0,0.0,18.312999999999995
249.1,39.9,5.6,14.0,0.0,36650.0,0.0,4,0.0,0.0,264.67900000000026
76.0,8.4,4.1,3.1,0.0,38960.0,1.0,6,0.0,0.0,79.53499999999994
756.7,129.6,5.9,44.8,0.0,33530.0,0.0,5,0.0,1.0,804.562
13.2,1.6,-2.3,-0.3,1.0,40360.0,0.0,4,0.0,0.0,12.949000000000005
166.9,13.7,-10.5,-17.5,1.0,46040.0,0.0,4,0.0,0.0,154.36000000000013
429.8,42.2,-0.4,-1.9,1.0,47170.0,0.0,4,0.0,0.0,439.34600000000034
35.6,2.9,5.8,2.1,0.0,103650.0,1.0,6,0.0,0.0,36.711
22.2,1.3,5.2,1.1,0.0,106950.0,1.0,6,1.0,0.0,22.15199999999998
66.0,5.4,7.3,4.8,0.0,83460.0,1.0,6,0.0,0.0,70.45100000000002
63.7,4.8,1.2,0.8,0.0,93330.0,1.0,6,1.0,0.0,65.25299999999999
82.7,9.1,3.5,2.9,0.0,52000.0,1.0,6,1.0,0.0,85.79300000000008
10.4,0.8,-2.4,-0.2,1.0,73340.0,0.0,2,0.0,0.0,10.30000000000001
1613.4,170.0,-5.8,-94.3,0.0,49210.0,0.0,4,0.0,0.0,1566.5840000000007
74.1,5.6,3.2,2.4,1.0,60800.0,0.0,2,0.0,0.0,75.445
2.9,0.3,-3.3,-0.1,1.0,58490.0,0.0,5,0.0,1.0,2.8560000000000025
24.1,2.3,-5.5,-1.3,0.0,45680.0,1.0,6,1.0,0.0,23.222999999999992
24.8,1.8,-2.8,-0.7,0.0,53920.0,0.0,5,0.0,1.0,24.377999999999997
40.8,4.1,-9.5,-3.9,1.0,62940.0,0.0,4,0.0,0.0,39.239999999999995
50.4,3.1,1.0,0.5,0.0,87930.0,1.0,6,1.0,0.0,49.812000000000005
18.1,2.6,2.5,0.5,0.0,42360.0,0.0,5,0.0,1.0,18.44900000000002
319.9,26.5,2.4,7.8,1.0,60640.0,0.0,3,0.0,0.0,322.13400000000036
387.3,61.0,0.2,0.9,1.0,47040.0,0.0,5,0.0,1.0,388.41900000000015
158.8,20.9,4.3,6.8,1.0,57440.0,0.0,4,0.0,0.0,163.05999999999986
1205.7,108.2,3.0,36.3,0.0,81270.0,1.0,6,1.0,0.0,1247.253
103.1,8.1,5.7,5.8,0.0,97270.0,1.0,6,0.0,0.0,107.752
143.1,16.9,1.0,1.4,0.0,38960.0,0.0,3,0.0,0.0,145.49300000000005
522.2,52.2,5.8,30.1,0.0,75650.0,0.0,4,1.0,0.0,560.8560000000002
86.0,8.1,-1.6,-1.4,1.0,46020.0,0.0,4,0.0,0.0,85.74699999999997
15.8,1.4,4.7,0.7,0.0,65040.0,1.0,6,0.0,0.0,16.507999999999996
2.3,0.2,-15.1,-0.3,1.0,49300.0,0.0,3,0.0,0.0,2.0240000000000027
36.4,2.9,1.2,0.4,0.0,68810.0,1.0,6,1.0,0.0,36.83900000000005
40.7,4.3,0.5,0.2,0.0,85540.0,1.0,6,0.0,0.0,41.26800000000005
64.7,3.8,3.0,1.9,0.0,67260.0,1.0,6,0.0,0.0,66.77800000000003
14.0,0.9,-2.0,-0.3,0.0,63620.0,1.0,6,1.0,0.0,13.946999999999985
122.2,8.8,0.7,0.8,0.0,61490.0,1.0,6,1.0,0.0,123.17300000000004
103.4,6.2,-1.8,-1.9,0.0,63910.0,1.0,6,1.0,0.0,100.29599999999996
100.6,8.8,8.5,8.6,1.0,49900.0,0.0,5,0.0,1.0,106.51000000000002
959.0,74.1,4.5,43.1,1.0,59310.0,0.0,2,0.0,0.0,971.2260000000001
20.3,1.1,-9.6,-1.9,0.0,49850.0,0.0,5,0.0,1.0,18.408000000000012
13.4,1.0,6.4,0.9,0.0,78380.0,1.0,6,1.0,0.0,14.097999999999978
3157.2,542.6,-9.9,-313.6,0.0,31190.0,0.0,5,0.0,1.0,2973.303
206.7,14.3,1.8,3.8,0.0,54660.0,0.0,4,0.0,0.0,215.485
197.3,24.4,7.1,14.0,1.0,60990.0,1.0,6,0.0,0.0,215.69199999999984
21.6,1.1,2.6,0.6,0.0,121860.0,1.0,6,1.0,0.0,21.959999999999972
128.9,14.4,3.3,4.3,1.0,57090.0,0.0,4,0.0,0.0,133.26700000000008
18.1,1.6,-6.1,-1.1,1.0,73540.0,0.0,4,0.0,0.0,17.238000000000014
57.0,6.7,3.7,2.1,0.0,57790.0,0.0,4,0.0,0.0,59.22300000000001
25.4,1.9,2.2,0.6,0.0,86220.0,1.0,6,0.0,0.0,26.048999999999992
86.8,6.3,4.9,4.3,0.0,84150.0,1.0,6,1.0,0.0,90.41799999999998
309.4,22.2,4.3,13.3,0.0,206420.0,1.0,6,1.0,0.0,320.42000000000036
399.9,35.1,3.4,13.4,0.0,58570.0,1.0,6,1.0,0.0,429.2739999999998
991.6,160.2,-2.9,-29.2,1.0,32050.0,0.0,5,0.0,1.0,1033.996000000001
57.2,2.8,9.5,5.4,0.0,79000.0,1.0,6,0.0,0.0,61.88300000000008
4.6,0.7,6.1,0.3,1.0,55600.0,0.0,3,0.0,0.0,4.885999999999997
64.9,5.5,2.1,1.4,0.0,64200.0,1.0,6,0.0,0.0,66.81099999999996
368.9,23.6,5.0,18.5,0.0,99590.0,1.0,6,1.0,0.0,385.29299999999984
356.1,21.1,-5.1,-18.2,1.0,76790.0,0.0,3,0.0,0.0,348.78600000000034
410.1,56.2,3.9,16.0,0.0,35270.0,0.0,5,0.0,1.0,431.5029999999998
14.6,1.6,3.6,0.5,1.0,41460.0,0.0,4,0.0,0.0,15.081000000000024
262.0,23.0,1.0,2.6,0.0,60820.0,0.0,4,1.0,0.0,275.27099999999996
76.3,4.8,11.2,8.5,0.0,95830.0,0.0,1,0.0,0.0,83.57400000000003
351.2,22.6,1.7,6.0,0.0,61890.0,1.0,6,1.0,0.0,368.18599999999975
306.5,41.8,6.4,19.5,0.0,45920.0,1.0,6,1.0,0.0,324.104
165.5,15.8,0.7,1.2,1.0,47590.0,0.0,4,0.0,0.0,164.50400000000025
12.2,1.2,-6.3,-0.8,1.0,47260.0,0.0,4,0.0,0.0,11.583999999999994
32.5,3.5,-2.9,-0.9,1.0,47350.0,0.0,5,0.0,1.0,32.217999999999954
30.6,2.5,3.2,1.0,0.0,79450.0,1.0,6,1.0,0.0,31.459999999999965
4.2,0.4,8.5,0.4,0.0,61130.0,0.0,4,0.0,0.0,4.358999999999997
55.4,6.6,5.1,2.8,0.0,122670.0,0.0,4,0.0,0.0,57.94800000000006
1.4,0.1,2.5,0.0,1.0,49910.0,0.0,5,0.0,1.0,1.5419999999999996
35.8,2.7,2.1,0.8,0.0,77800.0,1.0,6,0.0,0.0,35.97399999999997
119.2,13.1,4.6,5.5,0.0,54940.0,1.0,6,1.0,0.0,124.69500000000015
65.1,7.8,11.3,7.4,1.0,51030.0,0.0,5,0.0,1.0,72.33400000000002
20.9,1.5,0.2,0.0,0.0,140360.0,1.0,6,1.0,0.0,21.119000000000014
107.0,8.5,5.3,5.6,0.0,77020.0,1.0,6,1.0,0.0,111.72100000000009
418.0,33.3,3.0,12.3,0.0,78420.0,0.0,4,1.0,0.0,433.06200000000007
40.3,3.2,19.7,7.9,0.0,140910.0,1.0,6,0.0,0.0,46.77900000000007
667.1,55.6,15.2,101.6,0.0,171200.0,1.0,6,1.0,0.0,740.5199999999991
76.8,4.7,7.3,5.6,0.0,155020.0,1.0,6,1.0,0.0,82.854
179.2,11.2,11.9,21.4,0.0,130390.0,1.0,6,1.0,0.0,196.06199999999998
152.7,9.6,1.8,2.8,0.0,73340.0,0.0,4,0.0,0.0,154.44700000000006
177.1,13.5,-10.7,-19.0,1.0,49970.0,0.0,4,0.0,0.0,161.28500000000017
28.3,3.1,12.8,3.6,0.0,65670.0,0.0,4,0.0,0.0,31.305000000000042
472.0,31.3,8.2,38.5,0.0,108970.0,1.0,6,1.0,0.0,500.60999999999984
121.2,5.5,-6.0,-7.2,0.0,98670.0,1.0,6,1.0,0.0,117.9819999999999
44.8,3.5,5.3,2.4,0.0,96690.0,1.0,6,0.0,0.0,47.18299999999993
521.1,34.2,8.7,45.5,0.0,103790.0,1.0,6,1.0,0.0,566.7889999999999
729.5,40.8,-3.7,-27.0,0.0,60340.0,0.0,4,0.0,0.0,723.3390000000003
79.1,7.6,-0.9,-0.7,0.0,46860.0,0.0,5,0.0,1.0,78.75999999999995
45.6,6.8,2.3,1.1,1.0,37320.0,0.0,4,0.0,0.0,46.80499999999994
28.5,2.5,3.4,1.0,0.0,67950.0,1.0,6,1.0,0.0,29.581999999999994
147.6,14.8,-0.8,-1.2,1.0,72120.0,0.0,4,0.0,0.0,147.40400000000002
1457.0,129.4,7.3,106.5,0.0,46730.0,0.0,5,0.0,1.0,1567.2179999999985
550.3,46.8,8.7,48.1,0.0,106980.0,0.0,4,1.0,0.0,588.4500000000005
14.9,1.6,0.6,0.1,0.0,63380.0,0.0,4,0.0,0.0,15.026000000000002
47.7,3.9,1.3,0.6,1.0,74690.0,0.0,4,0.0,0.0,48.54900000000007
29.1,2.6,-3.4,-1.0,0.0,41230.0,0.0,5,0.0,1.0,28.52300000000001
24.0,3.7,5.5,1.3,0.0,36210.0,0.0,4,0.0,0.0,25.146000000000008
669.5,82.1,-13.5,-90.3,0.0,30160.0,0.0,5,0.0,1.0,640.2149999999992
466.1,69.7,2.0,9.3,0.0,36450.0,0.0,5,0.0,1.0,478.16200000000043
34.2,5.3,5.1,1.7,0.0,44530.0,1.0,6,0.0,0.0,36.292
1460.2,250.7,14.9,217.0,0.0,36830.0,0.0,4,0.0,0.0,1701.115
151.1,20.6,-5.6,-8.4,0.0,35620.0,0.0,5,0.0,1.0,144.9690000000002
7.1,0.8,7.2,0.5,1.0,40160.0,0.0,4,0.0,0.0,7.508000000000013
387.5,30.1,-7.8,-30.1,1.0,57970.0,0.0,4,0.0,0.0,370.6790000000003
6.9,0.7,-5.6,-0.4,1.0,46740.0,0.0,5,0.0,1.0,6.44
221.4,16.9,-4.2,-9.3,0.0,77070.0,0.0,4,1.0,0.0,214.254
6.7,1.8,5.9,0.4,1.0,54810.0,0.0,5,0.0,1.0,7.138000000000011
69.1,7.4,12.6,8.7,0.0,49830.0,1.0,6,0.0,0.0,76.5240000000001
408.2,45.9,3.2,13.1,0.0,38540.0,0.0,5,0.0,1.0,431.3849999999999
247.2,27.9,8.2,20.4,1.0,38340.0,0.0,5,0.0,1.0,269.07399999999967
17.7,1.7,-0.3,0.0,0.0,67310.0,0.0,5,0.0,1.0,17.736000000000026
180.4,18.5,3.0,5.5,1.0,47700.0,0.0,3,0.0,0.0,187.05900000000003
11.6,1.0,2.1,0.2,0.0,38480.0,0.0,3,0.0,0.0,11.848999999999995
42.3,3.8,3.0,1.3,1.0,66370.0,0.0,4,0.0,0.0,43.58999999999998
67.8,3.7,-4.4,-3.0,0.0,80970.0,1.0,6,1.0,0.0,69.20599999999996
12.0,1.0,-6.2,-0.7,1.0,49130.0,0.0,4,0.0,0.0,11.378999999999987
31.8,2.2,3.3,1.1,0.0,50480.0,0.0,4,1.0,0.0,32.784000000000034
3.1,0.6,3.3,0.1,1.0,42880.0,0.0,5,0.0,1.0,3.2439999999999958
16.2,1.2,2.0,0.3,0.0,71470.0,1.0,6,0.0,0.0,16.418999999999993
91.4,18.0,3.6,3.3,0.0,37700.0,0.0,5,0.0,1.0,94.75599999999997
28.7,2.7,-2.5,-0.7,1.0,46890.0,0.0,4,0.0,0.0,28.401000000000025
15.1,1.8,7.0,1.1,0.0,61770.0,1.0,6,0.0,0.0,16.083000000000027
2814.0,341.7,-5.5,-153.7,1.0,42830.0,0.0,5,0.0,1.0,2807.456999999997
7.0,0.6,-18.1,-1.3,0.0,38800.0,0.0,5,0.0,1.0,6.128000000000003
49.0,5.3,-2.3,-1.1,1.0,45700.0,0.0,4,0.0,0.0,48.41299999999999
174.7,14.4,-12.1,-21.1,1.0,45590.0,0.0,4,0.0,0.0,155.6790000000002
141.6,9.5,-25.9,-36.7,1.0,39850.0,0.0,5,0.0,1.0,118.83699999999986
245.9,23.4,33.5,82.5,0.0,112590.0,1.0,6,1.0,0.0,305.1239999999996
78.0,3.8,-0.7,-0.5,0.0,104620.0,1.0,6,1.0,0.0,78.56599999999997
66.9,4.0,8.7,5.8,0.0,135980.0,1.0,6,1.0,0.0,71.10799999999995
79.2,14.0,-0.1,-0.1,0.0,37960.0,0.0,5,0.0,1.0,79.71300000000011
381.9,52.9,6.4,24.4,0.0,47300.0,1.0,6,0.0,0.0,400.5150000000002
221.6,15.3,7.0,15.5,0.0,94260.0,1.0,6,0.0,0.0,228.66099999999992
35.2,3.9,-4.7,-1.6,1.0,48310.0,0.0,4,0.0,0.0,33.76799999999995
6.6,0.2,0.3,0.0,0.0,225770.0,0.0,1,0.0,0.0,6.609000000000008
129.8,3.9,4.1,5.4,0.0,172790.0,1.0,6,0.0,0.0,134.43500000000012
11.3,1.0,0.5,0.1,0.0,62740.0,0.0,5,0.0,1.0,11.452999999999989
28.6,2.2,2.0,0.6,0.0,66220.0,1.0,6,1.0,0.0,29.39899999999998
5.0,0.4,-12.4,-0.6,0.0,53620.0,0.0,5,0.0,1.0,5.2349999999999985
117.9,7.8,-0.7,-0.8,1.0,93580.0,0.0,4,0.0,0.0,121.34400000000007
90.0,5.8,13.0,11.7,0.0,89340.0,1.0,6,0.0,0.0,97.97399999999996
30.9,4.0,2.5,0.8,0.0,37040.0,1.0,6,0.0,0.0,31.09199999999997
90.9,6.2,5.5,5.0,0.0,73850.0,0.0,1,1.0,0.0,96.4619999999999
527.4,99.6,6.3,33.1,0.0,32670.0,0.0,5,0.0,1.0,558.2419999999994
138.9,13.8,2.1,2.9,0.0,54840.0,1.0,6,1.0,0.0,142.75899999999993
477.7,76.8,0.2,0.9,0.0,33670.0,0.0,5,0.0,1.0,484.4049999999995
218.7,18.5,-0.9,-2.1,1.0,48880.0,0.0,4,0.0,0.0,216.51600000000025
25.3,2.7,-10.0,-2.5,0.0,34530.0,0.0,5,0.0,1.0,23.310999999999986
17.1,1.3,-6.9,-1.2,0.0,62010.0,1.0,6,0.0,0.0,16.92600000000001
1.1,0.1,1.2,0.0,1.0,48430.0,0.0,4,0.0,0.0,1.023000000000001
5.3,0.4,-19.6,-1.0,1.0,46630.0,0.0,4,0.0,0.0,5.230999999999998
451.5,51.3,8.8,39.8,1.0,37130.0,0.0,5,0.0,1.0,483.02
103.1,7.7,4.2,4.3,0.0,58140.0,0.0,4,0.0,0.0,105.95799999999991
18.3,1.7,2.9,0.5,1.0,59600.0,0.0,3,0.0,0.0,18.31600000000002
15.8,1.2,2.1,0.3,0.0,119980.0,1.0,6,0.0,0.0,16.194999999999983
17.6,0.9,1.2,0.2,0.0,115440.0,1.0,6,0.0,0.0,17.64300000000001
115.8,9.8,0.6,0.7,0.0,75260.0,1.0,6,1.0,0.0,118.903
60.2,4.1,2.5,1.5,0.0,89040.0,1.0,6,1.0,0.0,61.5359999999999
333.3,20.8,-1.5,-5.1,0.0,104070.0,1.0,6,0.0,0.0,339.9829999999997
226.6,15.1,1.7,4.0,0.0,103960.0,1.0,6,0.0,0.0,229.03599999999992
90.2,5.5,-2.5,-2.3,0.0,56270.0,1.0,6,1.0,0.0,89.77199999999988
74.9,5.6,2.1,1.6,0.0,72090.0,1.0,6,0.0,0.0,76.36899999999996
132.0,12.5,1.5,2.0,0.0,48400.0,1.0,6,1.0,0.0,134.03799999999998
376.3,31.0,3.5,13.3,0.0,65140.0,1.0,6,0.0,0.0,388.57199999999955
17.1,1.7,3.4,0.6,1.0,53990.0,0.0,4,0.0,0.0,17.745000000000026
93.7,8.4,0.6,0.6,0.0,77180.0,1.0,6,0.0,0.0,94.28899999999997
21.6,1.7,-5.6,-1.2,0.0,73720.0,1.0,6,0.0,0.0,20.603000000000016
7.0,0.6,6.1,0.4,0.0,82730.0,0.0,3,0.0,0.0,7.232000000000007
61.1,4.7,-0.8,-0.5,0.0,71300.0,0.0,3,0.0,0.0,60.12799999999992
23.4,2.0,5.5,1.3,0.0,100940.0,0.0,4,0.0,0.0,24.743000000000006
192.0,11.7,7.2,13.8,0.0,111910.0,1.0,6,1.0,0.0,208.38700000000026
127.4,10.7,6.6,8.4,1.0,92560.0,0.0,3,0.0,0.0,132.8650000000001
261.4,29.6,4.6,11.9,1.0,44040.0,0.0,4,0.0,0.0,273.44699999999966
818.7,81.0,9.5,77.4,1.0,62350.0,0.0,2,0.0,0.0,888.0830000000008
15.0,1.3,1.1,0.2,0.0,70760.0,1.0,6,0.0,0.0,15.126999999999985
10.3,0.6,-13.6,-1.4,1.0,47940.0,0.0,4,0.0,0.0,10.28
95.9,5.7,6.2,6.0,0.0,127590.0,1.0,6,1.0,0.0,100.48899999999999
1422.7,91.0,-2.0,-27.9,0.0,62340.0,1.0,6,1.0,0.0,1398.1570000000006
24.2,2.0,5.0,1.2,1.0,106580.0,0.0,2,0.0,0.0,25.361000000000026
166.8,14.0,1.0,1.7,1.0,51500.0,0.0,4,0.0,0.0,165.6690000000002
3.6,0.6,1.3,0.0,0.0,56280.0,0.0,3,0.0,0.0,3.606999999999994
13.2,1.0,3.0,0.4,0.0,86130.0,1.0,6,1.0,0.0,13.490999999999993
181.0,14.1,5.1,9.2,0.0,41340.0,1.0,6,0.0,0.0,191.4750000000002
38.4,2.8,-21.1,-8.1,1.0,52540.0,0.0,4,0.0,0.0,30.522000000000038
50.3,4.1,8.1,4.1,0.0,106120.0,1.0,6,0.0,0.0,52.590999999999994
67.3,5.7,1.5,1.0,0.0,77390.0,1.0,6,0.0,0.0,68.03300000000006
158.8,9.3,2.1,3.3,0.0,117750.0,1.0,6,1.0,0.0,162.12000000000012
72.2,5.1,0.0,0.0,0.0,78270.0,1.0,6,0.0,0.0,73.48899999999998
43.2,5.5,7.7,3.3,0.0,77180.0,1.0,6,1.0,0.0,46.125999999999976
8.5,2.2,3.6,0.3,1.0,34550.0,0.0,5,0.0,1.0,8.780999999999992
12.9,1.1,1.2,0.1,0.0,58890.0,1.0,6,0.0,0.0,12.879999999999997
39.4,3.0,3.9,1.5,0.0,104170.0,1.0,6,1.0,0.0,40.191
40.4,5.6,4.0,1.6,0.0,49490.0,1.0,6,0.0,0.0,42.289999999999985
9.0,0.7,2.9,0.3,0.0,87710.0,1.0,6,0.0,0.0,9.298999999999989
90.3,8.5,4.4,4.0,0.0,80060.0,1.0,6,1.0,0.0,93.03599999999997
12.3,0.8,16.2,2.0,0.0,83980.0,1.0,6,0.0,0.0,13.676999999999985
8.6,0.9,-0.7,-0.1,1.0,40450.0,0.0,4,0.0,0.0,8.633000000000003
35.8,3.1,-0.4,-0.1,1.0,52550.0,0.0,4,0.0,0.0,35.54999999999997
502.8,50.0,-1.6,-7.9,1.0,74260.0,1.0,6,0.0,0.0,509.75500000000017
23.9,1.7,9.5,2.3,0.0,58160.0,1.0,6,1.0,0.0,25.205000000000023
370.1,74.2,11.9,44.1,1.0,46180.0,0.0,5,0.0,1.0,395.227
5.8,0.5,-0.9,-0.1,1.0,59110.0,0.0,3,0.0,0.0,5.666999999999999
6.3,0.7,1.4,0.1,1.0,50110.0,0.0,4,0.0,0.0,6.359999999999992
66.0,6.5,1.2,0.8,1.0,46980.0,0.0,4,0.0,0.0,66.82900000000004
15.2,2.0,-1.1,-0.2,1.0,44980.0,0.0,4,0.0,0.0,15.128000000000002
57.3,5.2,2.0,1.1,1.0,45130.0,0.0,4,0.0,0.0,58.55799999999996
2.8,0.3,-10.2,-0.3,1.0,67670.0,0.0,4,0.0,0.0,2.635
151.4,13.2,3.8,5.7,0.0,104690.0,1.0,6,1.0,0.0,157.98300000000015
5.6,0.7,-7.3,-0.4,1.0,53900.0,0.0,4,0.0,0.0,5.243999999999995
3.2,0.2,3.4,0.1,0.0,77280.0,1.0,6,0.0,0.0,3.342000000000004
116.0,3.3,2.7,3.1,0.0,238380.0,0.0,1,0.0,0.0,120.51200000000011
12.4,1.1,-2.5,-0.3,0.0,58120.0,1.0,6,0.0,0.0,12.315999999999997
39.0,3.7,11.0,4.3,1.0,52080.0,0.0,3,0.0,0.0,40.92300000000005
3.9,0.3,6.0,0.2,0.0,48690.0,0.0,5,0.0,1.0,4.117999999999994
836.1,85.5,-1.3,-11.1,1.0,87980.0,1.0,6,0.0,0.0,845.6650000000003
504.8,71.7,-3.3,-16.8,0.0,35690.0,0.0,5,0.0,1.0,506.80399999999975
224.6,31.2,-5.0,-11.1,0.0,36150.0,0.0,5,0.0,1.0,217.086
25.7,2.3,2.0,0.5,0.0,80690.0,1.0,6,1.0,0.0,26.246000000000002
3796.0,904.3,6.1,233.2,0.0,30480.0,0.0,5,0.0,1.0,3967.333000000004
26.4,2.3,4.6,1.2,0.0,46940.0,0.0,4,0.0,0.0,27.48599999999997
18.6,2.1,4.2,0.8,1.0,45760.0,0.0,4,0.0,0.0,19.04500000000003
84.3,7.3,-15.9,-13.4,1.0,41270.0,0.0,5,0.0,1.0,78.31800000000004
43.5,3.6,4.0,1.7,0.0,70980.0,1.0,6,1.0,0.0,45.06499999999995
368.5,25.1,5.7,21.1,0.0,101350.0,1.0,6,1.0,0.0,387.7669999999995
38.9,4.0,1.4,0.5,1.0,52150.0,0.0,5,0.0,1.0,38.503000000000064
65.1,5.7,18.5,12.1,0.0,90400.0,0.0,3,1.0,0.0,72.174
868.6,74.6,14.8,128.8,0.0,161700.0,1.0,6,1.0,0.0,962.295999999999
60.5,4.8,6.5,3.9,0.0,106000.0,1.0,6,1.0,0.0,63.414999999999935
137.1,10.3,3.1,4.3,0.0,80190.0,1.0,6,1.0,0.0,141.5369999999999
26.5,2.2,-1.2,-0.3,0.0,60560.0,0.0,3,1.0,0.0,26.136000000000003
14.7,1.5,3.8,0.6,0.0,78060.0,0.0,4,0.0,0.0,15.159000000000017
344.9,27.1,3.4,11.8,0.0,59530.0,0.0,3,0.0,0.0,357.4980000000003
921.6,74.4,5.3,49.0,1.0,78690.0,1.0,6,0.0,0.0,941.8850000000001
57.1,4.3,-2.8,-1.6,1.0,76310.0,1.0,6,0.0,0.0,56.123999999999995
123.3,13.4,6.3,7.8,1.0,46900.0,1.0,6,0.0,0.0,130.60100000000023
65.4,8.5,2.5,1.6,1.0,59330.0,1.0,6,0.0,0.0,67.69599999999997
97.2,6.5,3.4,3.4,0.0,92430.0,0.0,4,0.0,0.0,97.67499999999991
1215.0,183.9,6.0,73.0,1.0,42010.0,1.0,6,0.0,0.0,1277.086
32.5,3.3,2.0,0.6,1.0,61590.0,1.0,6,0.0,0.0,33.230999999999966
269.8,33.0,2.5,6.7,1.0,47520.0,1.0,6,0.0,0.0,287.1509999999998
224.7,23.2,2.3,5.2,1.0,56170.0,1.0,6,0.0,0.0,229.28699999999998
617.5,52.4,3.1,19.1,1.0,78300.0,1.0,6,0.0,0.0,648.0210000000001
320.0,24.8,0.0,0.0,1.0,84130.0,1.0,6,0.0,0.0,320.5469999999999
1558.4,144.5,-0.3,-3.9,1.0,66140.0,1.0,6,0.0,0.0,1542.9589999999982
149.1,16.3,6.7,10.0,1.0,47080.0,1.0,6,0.0,0.0,159.05400000000014
160.8,10.9,2.9,4.6,1.0,105980.0,0.0,4,0.0,0.0,165.15799999999987
698.6,67.7,1.2,8.3,1.0,71190.0,1.0,6,0.0,0.0,711.3290000000002
21.5,2.1,1.6,0.3,1.0,74960.0,1.0,6,0.0,0.0,21.753999999999976
1432.6,125.1,-5.0,-72.3,1.0,47320.0,1.0,6,0.0,0.0,1397.4070000000006
71.9,7.0,2.7,1.9,1.0,58610.0,1.0,6,0.0,0.0,73.54600000000003
609.6,61.3,3.7,22.5,1.0,61890.0,1.0,6,0.0,0.0,650.4199999999992
7.0,0.5,-6.0,-0.4,0.0,68180.0,0.0,4,1.0,0.0,6.675000000000003
130.8,19.8,9.2,12.1,1.0,67130.0,0.0,4,0.0,0.0,140.50199999999992
33.7,2.7,9.5,3.2,0.0,54340.0,0.0,4,0.0,0.0,36.70600000000004
5.6,0.4,2.6,0.1,0.0,49150.0,0.0,4,0.0,0.0,5.612000000000002
43.8,5.1,-5.9,-2.6,1.0,36120.0,0.0,4,0.0,0.0,41.74199999999994
20.7,2.4,0.6,0.1,0.0,42730.0,0.0,4,0.0,0.0,20.807999999999982
173.5,24.2,6.9,11.9,1.0,40790.0,0.0,4,0.0,0.0,182.60899999999998
29.7,4.4,0.6,0.2,1.0,40550.0,0.0,4,0.0,0.0,30.262000000000015
90.5,14.6,6.4,5.8,0.0,34830.0,0.0,5,0.0,1.0,96.4949999999999
902.7,148.0,-3.4,-30.9,0.0,34220.0,0.0,5,0.0,1.0,918.7980000000011
58.7,6.5,5.3,3.1,0.0,38420.0,0.0,4,0.0,0.0,61.42900000000008
20.4,3.2,4.8,1.0,0.0,49430.0,0.0,4,0.0,0.0,20.893999999999995
15.2,1.2,6.5,1.0,0.0,85310.0,1.0,6,1.0,0.0,16.130000000000024
277.2,48.0,3.0,8.2,0.0,34460.0,0.0,5,0.0,1.0,284.32499999999953
352.8,42.0,6.4,22.6,1.0,65310.0,0.0,5,0.0,1.0,375.72399999999993
26.4,1.9,-0.2,0.0,0.0,77010.0,1.0,6,0.0,0.0,26.54800000000003
20.7,2.9,12.8,2.6,0.0,67440.0,0.0,4,1.0,0.0,22.391999999999992
33.8,3.9,-3.2,-1.1,0.0,54310.0,1.0,6,0.0,0.0,34.28699999999999
10.8,2.0,-4.7,-0.5,1.0,43680.0,0.0,4,0.0,0.0,11.071999999999994
2.9,0.3,14.6,0.4,1.0,52380.0,0.0,4,0.0,0.0,3.244000000000004
13.8,1.1,1.2,0.2,0.0,70660.0,1.0,6,1.0,0.0,14.103999999999996
1.6,0.1,4.0,0.1,0.0,100830.0,1.0,6,0.0,0.0,1.661999999999999
8.8,0.6,-18.9,-1.7,1.0,49240.0,0.0,4,0.0,0.0,7.626000000000007
12.7,0.9,-25.9,-3.3,1.0,45700.0,0.0,4,0.0,0.0,10.34199999999999
134.4,10.2,4.3,5.8,0.0,66490.0,1.0,6,1.0,0.0,141.02799999999993
45.7,3.6,4.2,1.9,0.0,123480.0,1.0,6,1.0,0.0,47.574999999999946
32.5,5.7,3.1,1.0,1.0,34610.0,0.0,5,0.0,1.0,33.330999999999996
32.1,2.6,4.1,1.3,0.0,76830.0,1.0,6,0.0,0.0,33.52000000000004
16.5,1.9,3.0,0.5,1.0,47010.0,0.0,4,0.0,0.0,16.828999999999994
20.5,2.0,-3.3,-0.7,1.0,42530.0,0.0,5,0.0,1.0,19.761999999999976
8.2,1.2,-6.1,-0.5,1.0,30460.0,0.0,5,0.0,1.0,7.91500000000001
14.1,1.3,-5.0,-0.7,1.0,36990.0,0.0,5,0.0,1.0,13.713999999999988
22.6,4.0,-6.4,-1.5,0.0,34810.0,0.0,5,0.0,1.0,21.06699999999997
88.7,14.1,-0.6,-0.6,1.0,33280.0,0.0,5,0.0,1.0,86.4830000000001
5.1,0.6,1.2,0.1,1.0,85580.0,1.0,6,0.0,0.0,5.2289999999999965
16.1,2.6,-0.6,-0.1,1.0,34530.0,0.0,5,0.0,1.0,16.08
10.3,1.3,0.3,0.0,1.0,43900.0,0.0,4,0.0,0.0,10.428999999999984
5.4,0.6,-1.3,-0.1,1.0,71510.0,0.0,4,0.0,0.0,5.301000000000001
16.2,1.3,-8.8,-1.4,1.0,83400.0,0.0,3,0.0,0.0,15.021999999999982
3712.9,308.7,4.4,164.0,0.0,102950.0,1.0,6,1.0,0.0,3572.3119999999976
73.2,2.1,3.3,2.4,0.0,236350.0,0.0,1,0.0,0.0,75.465
4.0,0.3,9.3,0.4,0.0,98910.0,1.0,6,0.0,0.0,4.186999999999994
1.5,0.1,-3.1,0.0,0.0,97200.0,1.0,6,1.0,0.0,1.5770000000000002
4.0,0.3,3.3,0.1,0.0,86730.0,1.0,6,0.0,0.0,4.069999999999994
9.8,1.3,1.5,0.1,0.0,48390.0,0.0,4,0.0,0.0,9.602999999999994
25.1,2.0,3.2,0.8,0.0,99240.0,1.0,6,1.0,0.0,26.06499999999999
60.5,5.1,3.3,2.0,1.0,55440.0,0.0,2,0.0,0.0,61.525
38.9,5.1,-5.4,-2.1,0.0,35430.0,0.0,5,0.0,1.0,36.553000000000026
265.9,20.0,2.1,5.7,0.0,61300.0,1.0,6,1.0,0.0,276.3379999999999
11.8,0.8,-21.2,-2.5,0.0,41690.0,0.0,4,0.0,0.0,10.398999999999987
70.1,5.5,-12.0,-8.4,1.0,45190.0,0.0,4,0.0,0.0,66.71399999999993
14.1,1.9,2.4,0.3,0.0,43410.0,0.0,5,0.0,1.0,14.475
575.2,75.8,5.6,32.2,0.0,35250.0,1.0,6,0.0,0.0,583.2379999999996
51.3,5.0,1.0,0.5,1.0,48490.0,0.0,4,0.0,0.0,51.09800000000006
23.8,1.5,4.4,1.1,0.0,109660.0,1.0,6,1.0,0.0,24.81000000000003
71.8,7.9,4.5,3.2,0.0,63000.0,1.0,6,1.0,0.0,74.44500000000002
41.9,3.2,14.7,6.2,0.0,67310.0,1.0,6,0.0,0.0,47.094000000000015
289.6,27.4,17.3,50.1,0.0,105620.0,1.0,6,0.0,0.0,304.381
178.8,13.6,5.2,9.3,0.0,48790.0,1.0,6,0.0,0.0,188.62200000000004
41.3,2.4,2.0,0.8,0.0,113730.0,1.0,6,0.0,0.0,42.20999999999995
41.7,2.6,3.6,1.5,0.0,64030.0,1.0,6,0.0,0.0,43.22299999999998
193.2,18.4,7.7,14.8,0.0,68090.0,0.0,1,0.0,0.0,209.12099999999992
109.7,14.4,3.5,3.8,1.0,46050.0,1.0,6,0.0,0.0,114.87800000000001
10.7,1.0,18.4,2.0,1.0,61560.0,0.0,4,0.0,0.0,12.207999999999997
14.8,1.2,-12.8,-1.9,1.0,47450.0,0.0,4,0.0,0.0,13.222000000000007
425.2,40.1,8.1,34.5,0.0,59810.0,0.0,3,0.0,0.0,451.90499999999963
2235.1,237.6,4.0,89.3,0.0,57440.0,0.0,5,0.0,1.0,2306.184999999999
26.3,2.8,4.4,1.2,0.0,40760.0,0.0,5,0.0,1.0,27.292000000000034
16.1,1.4,-10.5,-1.7,0.0,46480.0,0.0,5,0.0,1.0,14.73000000000001
25.2,2.7,4.5,1.1,0.0,41600.0,0.0,5,0.0,1.0,26.57700000000001
66.6,6.8,0.2,0.1,1.0,39890.0,0.0,5,0.0,1.0,67.05499999999992
7.0,0.7,-1.7,-0.1,1.0,48400.0,0.0,4,0.0,0.0,6.638000000000002
98.7,11.8,2.3,2.2,1.0,38860.0,0.0,5,0.0,1.0,97.65599999999996
7.4,0.8,2.3,0.2,0.0,38140.0,0.0,5,0.0,1.0,7.5260000000000105
45.3,4.9,4.9,2.2,1.0,39270.0,0.0,5,0.0,1.0,47.02899999999999
168.5,23.6,-8.9,-15.0,1.0,38220.0,0.0,5,0.0,1.0,153.68800000000007
5.2,0.6,5.7,0.3,0.0,40590.0,0.0,5,0.0,1.0,5.458000000000002
159.1,12.3,3.0,4.8,1.0,49070.0,0.0,4,0.0,0.0,163.74699999999984
3.4,0.3,2.2,0.1,0.0,74050.0,1.0,6,0.0,0.0,3.4870000000000005
24.6,1.7,-0.2,-0.1,0.0,81500.0,1.0,6,0.0,0.0,24.93299999999996
2.7,0.3,-1.1,0.0,0.0,52310.0,0.0,5,0.0,1.0,2.725999999999997
37.3,3.1,2.6,1.0,1.0,49410.0,0.0,4,0.0,0.0,37.77800000000005
4347.7,765.8,17.0,739.8,1.0,34900.0,0.0,5,0.0,1.0,4671.078000000001
429.9,107.7,-1.5,-6.4,0.0,30380.0,0.0,5,0.0,1.0,434.427
264.2,43.6,3.7,9.9,1.0,34270.0,0.0,5,0.0,1.0,273.17899999999986
95.2,9.0,-7.1,-6.8,0.0,49440.0,1.0,6,0.0,0.0,93.02199999999992
221.9,17.9,5.0,11.1,0.0,140030.0,1.0,6,1.0,0.0,230.60800000000003
944.3,81.8,6.2,58.4,0.0,72910.0,1.0,6,1.0,0.0,987.579999999999
3.1,0.4,-2.1,-0.1,0.0,58570.0,0.0,4,0.0,0.0,3.073
6.3,0.5,-0.1,0.0,0.0,92060.0,1.0,6,1.0,0.0,6.2719999999999985
74.6,6.3,1.7,1.3,0.0,64790.0,1.0,6,0.0,0.0,76.05899999999993
351.1,25.2,11.0,38.5,0.0,101140.0,1.0,6,1.0,0.0,385.31099999999947
439.6,45.7,16.1,70.7,1.0,63760.0,0.0,3,0.0,0.0,487.82500000000016
241.9,17.1,1.9,4.6,0.0,121440.0,1.0,6,1.0,0.0,283.8219999999998
792.5,76.4,1.1,9.1,0.0,46390.0,0.0,5,0.0,1.0,834.766
5.6,0.4,6.3,0.3,0.0,109840.0,0.0,1,0.0,0.0,5.7699999999999925
153.3,17.8,-0.2,-0.3,1.0,48360.0,0.0,5,0.0,1.0,152.632
182.8,16.0,28.5,52.1,0.0,124910.0,1.0,6,1.0,0.0,219.243
598.0,69.9,0.0,0.1,1.0,47460.0,0.0,4,0.0,0.0,599.9520000000003
221.2,21.5,2.4,5.4,1.0,48640.0,0.0,4,0.0,0.0,224.931
232.6,21.9,1.3,2.9,0.0,74720.0,1.0,6,0.0,0.0,230.28299999999996
40.2,3.4,3.8,1.5,0.0,48680.0,0.0,5,0.0,1.0,42.02499999999999
27.2,2.3,4.7,1.3,1.0,57250.0,0.0,2,0.0,0.0,28.308999999999997
9.2,0.5,-8.2,-0.8,0.0,76650.0,0.0,4,0.0,0.0,8.54999999999999
256.7,20.3,-3.7,-9.5,1.0,48450.0,0.0,4,0.0,0.0,259.07700000000017
568.8,47.0,3.7,21.1,1.0,60370.0,0.0,4,0.0,0.0,580.4120000000007
127.0,8.2,-2.6,-3.3,0.0,79880.0,0.0,4,1.0,0.0,125.1670000000001
87.1,7.8,3.2,2.8,0.0,63490.0,1.0,6,1.0,0.0,89.53299999999986
75.3,6.9,1.7,1.3,0.0,59440.0,1.0,6,1.0,0.0,76.65000000000005
164.3,15.8,-11.6,-19.1,1.0,43830.0,0.0,5,0.0,1.0,147.8200000000002
2447.7,351.3,2.0,47.8,0.0,35930.0,0.0,5,0.0,1.0,2517.2670000000003
35.1,4.0,-5.5,-1.9,1.0,49140.0,0.0,3,0.0,0.0,33.47199999999995
27.3,0.9,2.5,0.7,0.0,156210.0,0.0,5,0.0,1.0,28.000999999999998
14.5,1.0,2.5,0.4,0.0,60400.0,1.0,6,0.0,0.0,14.863999999999985
117.2,12.8,-1.6,-1.9,0.0,61430.0,1.0,6,1.0,0.0,120.34800000000001
65.4,5.1,-0.1,-0.1,0.0,93500.0,1.0,6,1.0,0.0,66.64899999999997
2988.9,384.3,1.5,44.3,0.0,38940.0,0.0,5,0.0,1.0,2980.7929999999997
21.8,1.7,3.5,0.8,0.0,79660.0,0.0,1,1.0,0.0,22.01899999999999
1192.5,158.2,3.6,42.4,0.0,38090.0,0.0,5,0.0,1.0,1242.914
18.9,1.5,-13.6,-2.6,1.0,48620.0,0.0,4,0.0,0.0,16.736000000000026
202.6,31.9,5.4,10.9,0.0,33800.0,0.0,5,0.0,1.0,223.51799999999977
29.5,2.2,2.2,0.6,0.0,126650.0,1.0,6,0.0,0.0,30.101999999999972
864.8,31.5,4.1,35.9,0.0,151160.0,1.0,6,0.0,0.0,880.9409999999989
5.7,0.5,-5.4,-0.3,1.0,61870.0,0.0,4,0.0,0.0,5.371999999999991
156.3,19.6,-5.8,-9.0,1.0,54140.0,0.0,4,0.0,0.0,147.39799999999983
51.3,4.7,-1.2,-0.6,0.0,68760.0,1.0,6,0.0,0.0,51.09599999999994
27.7,2.2,3.4,0.9,0.0,44810.0,1.0,6,1.0,0.0,28.642999999999976
142.1,13.5,1.7,2.4,0.0,64320.0,1.0,6,0.0,0.0,145.13699999999997
84.5,12.8,-6.7,-5.6,1.0,36010.0,0.0,5,0.0,1.0,80.17800000000004
5.1,0.4,3.0,0.2,0.0,78630.0,1.0,6,0.0,0.0,5.292000000000002
78.6,13.0,-6.8,-5.4,0.0,39970.0,1.0,6,0.0,0.0,75.44699999999993
651.4,54.4,2.6,17.1,0.0,62340.0,1.0,6,0.0,0.0,671.17
7.8,0.4,3.7,0.3,0.0,87800.0,1.0,6,1.0,0.0,8.138000000000012
83.2,10.6,3.5,2.9,0.0,60130.0,1.0,6,0.0,0.0,86.58699999999997
149.7,42.7,5.8,8.7,0.0,33720.0,0.0,5,0.0,1.0,157.6749999999999
1079.8,120.2,7.3,78.9,1.0,44140.0,0.0,5,0.0,1.0,1138.3220000000015
12.1,0.8,-4.6,-0.6,0.0,60560.0,0.0,5,0.0,1.0,11.450999999999999
6.4,0.5,-22.3,-1.4,0.0,68860.0,0.0,5,0.0,1.0,6.117999999999999
177.6,13.3,-2.3,-4.1,1.0,48950.0,0.0,5,0.0,1.0,170.69900000000004
301.4,20.3,1.7,5.0,0.0,74180.0,0.0,4,1.0,0.0,305.8180000000001
15.6,4.2,6.4,1.0,1.0,34800.0,0.0,5,0.0,1.0,16.550999999999984
18.8,1.7,-8.3,-1.6,1.0,50490.0,0.0,3,0.0,0.0,17.155000000000022
27.0,2.2,0.7,0.2,1.0,77400.0,0.0,4,0.0,0.0,27.696000000000005
52.0,5.4,3.4,1.8,1.0,68130.0,1.0,6,0.0,0.0,53.817000000000064
4.6,0.6,-0.7,0.0,1.0,46710.0,0.0,4,0.0,0.0,4.764000000000006
30.9,4.2,-1.4,-0.4,1.0,49210.0,0.0,4,0.0,0.0,30.517
3.1,0.4,-4.7,-0.1,1.0,52000.0,0.0,4,0.0,0.0,3.0020000000000007
241.0,26.4,16.7,40.3,0.0,80880.0,1.0,6,1.0,0.0,281.2139999999996
46.5,4.7,-13.0,-6.0,0.0,39700.0,0.0,5,0.0,1.0,42.66500000000002
299.5,29.5,0.0,0.0,1.0,56150.0,0.0,3,0.0,0.0,303.6229999999996
44.1,2.6,7.1,3.1,0.0,88180.0,1.0,6,0.0,0.0,46.884999999999934
1356.8,193.5,0.4,6.0,0.0,34660.0,0.0,5,0.0,1.0,1426.0130000000008
67.4,6.9,-6.6,-4.4,1.0,38150.0,0.0,5,0.0,1.0,64.77699999999992
1629.7,159.8,3.8,62.4,1.0,48620.0,0.0,4,0.0,0.0,1614.8430000000005
57.5,4.8,-2.8,-1.6,1.0,60500.0,0.0,3,0.0,0.0,56.36699999999996
7.0,1.1,8.1,0.6,0.0,50280.0,1.0,6,0.0,0.0,7.34500000000001
1075.1,98.1,8.8,94.5,0.0,101190.0,1.0,6,1.0,0.0,1127.9140000000004
1333.7,106.7,4.5,59.8,0.0,136550.0,1.0,6,1.0,0.0,1380.7220000000002
210.1,24.8,7.0,14.7,0.0,34660.0,1.0,6,0.0,0.0,225.40499999999972
3.1,0.3,5.9,0.2,1.0,41080.0,0.0,5,0.0,1.0,3.3150000000000035
8.5,0.6,5.8,0.5,0.0,105670.0,1.0,6,1.0,0.0,9.028000000000006
941.7,87.2,6.7,63.0,0.0,76950.0,1.0,6,1.0,0.0,986.976999999999
407.0,34.3,6.6,26.7,0.0,161030.0,1.0,6,1.0,0.0,435.3939999999997
77.8,7.7,12.6,9.8,0.0,63780.0,0.0,1,0.0,0.0,85.35699999999993
168.0,24.7,15.4,25.9,0.0,57950.0,1.0,6,0.0,0.0,189.45799999999997
27.7,3.1,4.3,1.2,0.0,41690.0,0.0,5,0.0,1.0,28.800000000000033
23.0,1.5,5.7,1.3,0.0,108310.0,1.0,6,1.0,0.0,23.638
8.7,0.6,4.9,0.4,0.0,104160.0,1.0,6,1.0,0.0,9.089000000000013
5.0,0.3,4.0,0.2,0.0,71490.0,1.0,6,1.0,0.0,5.246999999999999
58.9,4.4,2.3,1.3,0.0,79350.0,1.0,6,0.0,0.0,60.231999999999914
2.4,0.1,-0.7,0.0,0.0,121680.0,1.0,6,0.0,0.0,2.186000000000003
146.8,18.4,5.5,8.1,0.0,37700.0,0.0,5,0.0,1.0,155.35099999999994
28.4,2.7,11.4,3.2,1.0,51050.0,0.0,4,0.0,0.0,31.05200000000003
42.9,3.3,-6.5,-2.8,0.0,68510.0,1.0,6,0.0,0.0,40.89699999999996
38.3,3.2,0.0,0.0,0.0,68730.0,1.0,6,0.0,0.0,37.924000000000056
293.1,18.1,9.1,26.5,0.0,102320.0,1.0,6,1.0,0.0,300.94800000000004
15.1,1.1,0.6,0.1,1.0,67190.0,0.0,5,0.0,1.0,15.249000000000018
34.3,3.0,2.7,0.9,1.0,71770.0,0.0,5,0.0,1.0,35.38300000000003
616.2,62.1,23.2,142.9,0.0,117960.0,1.0,6,1.0,0.0,719.8339999999998
12.0,1.5,3.7,0.4,1.0,47060.0,0.0,4,0.0,0.0,12.265
811.0,112.3,12.5,101.2,0.0,44200.0,1.0,6,0.0,0.0,900.5329999999994
4.8,0.2,3.5,0.2,0.0,138110.0,1.0,6,1.0,0.0,4.928999999999995
76.5,10.9,10.0,7.6,1.0,46490.0,0.0,4,0.0,0.0,83.30999999999996
68.0,7.3,12.9,8.8,0.0,62630.0,0.0,4,0.0,0.0,75.26100000000008
194.8,14.2,7.1,13.8,0.0,50250.0,1.0,6,0.0,0.0,212.9770000000001
165.3,9.6,8.7,14.3,0.0,100590.0,1.0,6,0.0,0.0,178.98600000000005
850.0,85.9,4.2,35.3,1.0,44640.0,0.0,4,0.0,0.0,876.4050000000015
43.9,7.4,-4.9,-2.2,0.0,37550.0,1.0,6,0.0,0.0,42.16300000000003
155.8,15.5,4.8,7.5,0.0,59440.0,1.0,6,1.0,0.0,161.48699999999982
136.8,13.5,9.7,13.3,0.0,60060.0,0.0,1,0.0,0.0,148.8320000000001
193.0,20.8,3.2,6.2,1.0,37350.0,0.0,5,0.0,1.0,205.56799999999978
20.4,1.7,-9.5,-1.9,1.0,42750.0,0.0,4,0.0,0.0,18.613000000000003
20.8,2.0,-2.3,-0.5,1.0,55770.0,0.0,4,0.0,0.0,20.58099999999997
20.1,1.3,-12.0,-2.4,1.0,49180.0,0.0,5,0.0,1.0,18.06500000000002
20.7,1.7,4.1,0.8,0.0,87330.0,1.0,6,1.0,0.0,21.56299999999997
633.7,40.5,-2.0,-12.4,0.0,62970.0,1.0,6,1.0,0.0,635.8370000000007
13.8,1.1,-14.4,-2.0,1.0,48310.0,0.0,4,0.0,0.0,13.166000000000004
41.3,3.6,0.0,0.0,1.0,65170.0,0.0,2,0.0,0.0,41.43800000000004
7.0,0.4,0.7,0.0,0.0,101020.0,1.0,6,1.0,0.0,6.862000000000002
1467.1,156.3,-0.1,-1.3,1.0,42210.0,0.0,4,0.0,0.0,1495.575999999998
35.0,3.1,3.5,1.2,1.0,48120.0,0.0,4,0.0,0.0,36.047999999999966
101.1,8.8,-6.8,-6.8,1.0,47680.0,0.0,4,0.0,0.0,96.30300000000003
188.7,16.5,5.8,10.9,1.0,63980.0,0.0,3,0.0,0.0,208.25899999999993
3.2,0.3,-18.2,-0.6,1.0,62700.0,0.0,4,0.0,0.0,3.0430000000000006
0.9,0.1,-4.5,0.0,1.0,51850.0,0.0,4,0.0,0.0,0.9210000000000008
6.7,1.2,-0.5,0.0,0.0,89990.0,1.0,6,0.0,0.0,6.638000000000001
41.7,5.5,6.2,2.6,1.0,45690.0,0.0,3,0.0,0.0,44.50700000000004
154.6,15.9,-3.8,-5.8,1.0,41230.0,0.0,4,0.0,0.0,148.85999999999984
27.5,3.2,3.1,0.8,0.0,49800.0,0.0,3,0.0,0.0,28.45200000000003
2.0,0.5,-3.7,-0.1,0.0,38180.0,0.0,5,0.0,1.0,2.0100000000000002
79.3,11.1,6.0,4.7,0.0,36260.0,0.0,5,0.0,1.0,84.32300000000004
26.2,2.6,6.0,1.6,1.0,54950.0,0.0,3,0.0,0.0,27.375
2.7,0.3,1.4,0.0,0.0,51880.0,1.0,6,0.0,0.0,2.8259999999999987
14.9,1.5,5.3,0.8,0.0,47200.0,0.0,5,0.0,1.0,15.664000000000023
131.0,12.8,-0.5,-0.7,1.0,46060.0,0.0,4,0.0,0.0,129.82399999999987
15.7,1.9,5.4,0.8,0.0,47460.0,1.0,6,1.0,0.0,16.474
47.3,4.3,-0.3,-0.1,0.0,63670.0,1.0,6,1.0,0.0,47.239999999999945
6.2,0.6,1.4,0.1,1.0,45320.0,0.0,2,0.0,0.0,6.159999999999997
104.3,8.5,3.7,3.9,0.0,161180.0,1.0,6,1.0,0.0,106.19599999999993
331.5,14.3,-4.2,-13.8,0.0,96800.0,1.0,6,1.0,0.0,339.33099999999985
38.9,2.3,-13.2,-5.2,1.0,46610.0,0.0,4,0.0,0.0,32.69600000000003
49.3,4.1,-3.9,-1.9,0.0,60280.0,1.0,6,1.0,0.0,48.17199999999997
15.4,0.8,-1.1,-0.2,0.0,127520.0,1.0,6,1.0,0.0,15.464000000000004
20.0,0.9,3.0,0.6,0.0,97020.0,1.0,6,0.0,0.0,20.33899999999997
5.7,0.4,-15.3,-0.9,1.0,122610.0,0.0,3,0.0,0.0,5.138999999999994
6.0,0.7,-7.7,-0.5,0.0,104240.0,0.0,4,0.0,0.0,5.4719999999999995
53.8,2.7,8.6,4.6,0.0,223210.0,1.0,6,0.0,0.0,55.630999999999986
8.6,0.5,11.1,0.9,0.0,128790.0,1.0,6,0.0,0.0,9.15000000000001
320.4,29.5,40.1,128.4,0.0,129210.0,1.0,6,0.0,0.0,398.53500000000014
1441.5,204.1,2.3,32.6,0.0,39530.0,1.0,6,0.0,0.0,1479.43
91.6,8.6,16.8,15.3,0.0,79940.0,1.0,6,0.0,0.0,99.49399999999994
131.9,14.9,12.5,16.5,0.0,83910.0,1.0,6,1.0,0.0,144.37799999999984
31.9,3.4,8.5,2.7,1.0,58440.0,0.0,4,0.0,0.0,34.94699999999999
160.0,10.2,13.8,22.1,0.0,98340.0,1.0,6,0.0,0.0,177.87900000000005
5.2,0.6,2.5,0.1,1.0,37370.0,0.0,5,0.0,1.0,5.356000000000003
49.2,7.2,19.2,9.5,0.0,68340.0,1.0,6,0.0,0.0,55.74299999999997
232.9,21.3,-7.8,-18.1,1.0,46040.0,0.0,5,0.0,1.0,217.2619999999998
2646.0,282.4,-6.7,-177.8,1.0,43630.0,0.0,5,0.0,1.0,2582.5159999999973
25.5,2.8,-15.2,-3.9,1.0,39020.0,0.0,5,0.0,1.0,23.529999999999987
489.3,41.9,3.6,17.8,1.0,58710.0,0.0,4,0.0,0.0,510.7459999999992
112.1,9.6,21.5,24.1,0.0,91290.0,1.0,6,1.0,0.0,130.94100000000012
19.6,2.4,2.3,0.5,1.0,38420.0,0.0,4,0.0,0.0,19.979
78.8,12.5,19.8,15.6,0.0,44080.0,1.0,6,0.0,0.0,89.76499999999989
79.9,6.8,2.9,2.3,1.0,46560.0,0.0,3,0.0,0.0,82.95499999999993
47.8,2.4,8.0,3.8,0.0,134830.0,1.0,6,0.0,0.0,50.782
89.5,8.0,-17.2,-15.4,0.0,44660.0,0.0,5,0.0,1.0,79.91000000000004
54.0,7.8,3.3,1.8,1.0,37700.0,0.0,5,0.0,1.0,54.72600000000008
10.1,0.9,13.3,1.3,0.0,78310.0,0.0,1,0.0,0.0,11.390999999999995
36.9,3.5,2.5,0.9,1.0,46560.0,0.0,4,0.0,0.0,37.609000000000044
381.2,45.3,4.5,17.0,1.0,40900.0,0.0,4,0.0,0.0,394.1569999999999
591.8,74.0,-5.4,-32.2,0.0,35580.0,0.0,5,0.0,1.0,585.0249999999994
342.2,28.1,3.8,13.0,0.0,48660.0,0.0,4,0.0,0.0,358.5700000000003
8.8,0.8,1.4,0.1,0.0,40860.0,0.0,4,0.0,0.0,8.835999999999991
97.5,8.1,-6.3,-6.1,1.0,49390.0,0.0,4,0.0,0.0,93.16099999999989
2.3,0.2,5.3,0.1,0.0,48260.0,0.0,3,0.0,0.0,2.361
376.2,39.3,0.2,0.6,0.0,61010.0,1.0,6,0.0,0.0,381.191
101.9,4.9,5.0,5.1,0.0,58410.0,1.0,6,0.0,0.0,106.37499999999999
135.7,18.5,3.0,4.0,0.0,34600.0,0.0,5,0.0,1.0,139.8529999999998
8.4,0.7,-1.5,-0.1,1.0,47150.0,0.0,5,0.0,1.0,8.544
272.1,30.2,3.1,8.5,0.0,37440.0,0.0,4,0.0,0.0,282.1369999999996
25.6,4.1,4.7,1.2,1.0,37560.0,0.0,5,0.0,1.0,26.82800000000001
1.6,0.1,-24.4,-0.4,1.0,54540.0,0.0,4,0.0,0.0,1.4899999999999998
0.5,0.0,-5.0,0.0,1.0,52520.0,0.0,4,0.0,0.0,0.5379999999999994
47.0,4.0,3.2,1.5,1.0,51650.0,0.0,4,0.0,0.0,48.246999999999986
161.1,13.0,-16.7,-27.0,1.0,55290.0,0.0,4,0.0,0.0,141.42400000000015
46.4,1.2,0.8,0.4,0.0,210130.0,0.0,1,0.0,0.0,47.34800000000003
94.4,16.1,6.4,6.0,1.0,37900.0,0.0,5,0.0,1.0,99.20399999999985
326.0,24.1,9.6,31.2,0.0,102140.0,0.0,3,1.0,0.0,354.32500000000016
25.1,2.1,6.5,1.6,1.0,61340.0,1.0,6,0.0,0.0,26.547999999999984
102.4,13.4,4.9,5.1,1.0,44730.0,0.0,4,0.0,0.0,106.85499999999998
29.6,4.1,3.8,1.1,1.0,45200.0,0.0,4,0.0,0.0,30.800999999999974
19.6,1.2,1.3,0.2,0.0,141280.0,1.0,6,1.0,0.0,19.796999999999972
34.9,3.2,-2.8,-1.0,1.0,97540.0,0.0,4,0.0,0.0,34.20499999999999
335.1,14.2,4.6,15.4,0.0,137480.0,1.0,6,0.0,0.0,356.148
41.1,6.1,-0.1,-0.1,1.0,37000.0,0.0,5,0.0,1.0,41.26699999999996
490.4,49.0,6.4,31.5,1.0,43460.0,0.0,4,0.0,0.0,508.9169999999995
27.3,2.0,0.7,0.2,0.0,78050.0,1.0,6,0.0,0.0,27.627
139.7,18.4,5.6,7.9,0.0,43660.0,1.0,6,0.0,0.0,147.889
151.2,12.7,1.8,2.8,1.0,42520.0,0.0,4,0.0,0.0,153.59500000000003
11.2,1.5,-2.6,-0.3,1.0,40100.0,0.0,5,0.0,1.0,11.24799999999999
31.9,2.0,0.6,0.2,0.0,117960.0,1.0,6,1.0,0.0,32.36799999999996
45.6,6.6,2.8,1.3,1.0,34520.0,0.0,5,0.0,1.0,46.92299999999998
111.5,19.8,22.0,24.5,0.0,65510.0,1.0,6,0.0,0.0,123.8190000000001
267.2,13.2,10.9,29.3,0.0,101020.0,1.0,6,0.0,0.0,290.48400000000015
162.7,12.0,20.4,33.2,0.0,133260.0,1.0,6,0.0,0.0,188.5929999999997
24.6,1.7,4.0,1.0,0.0,166290.0,1.0,6,0.0,0.0,25.55699999999997
17.1,1.3,2.5,0.4,0.0,97360.0,1.0,6,0.0,0.0,17.587000000000007
3.2,0.3,4.3,0.1,1.0,70510.0,0.0,4,0.0,0.0,3.3000000000000007
34.4,2.4,-4.1,-1.4,0.0,48710.0,0.0,5,0.0,1.0,33.55199999999999
16.3,1.6,1.6,0.3,1.0,61710.0,0.0,4,0.0,0.0,16.425999999999977
24.2,1.9,4.1,1.0,0.0,56020.0,0.0,3,0.0,0.0,25.24499999999999
31.7,2.5,-13.6,-4.3,1.0,41600.0,0.0,4,0.0,0.0,28.665000000000024
504.5,44.0,4.5,22.7,1.0,62970.0,0.0,2,0.0,0.0,524.9589999999994
9.7,0.3,1.8,0.2,0.0,152800.0,0.0,1,0.0,0.0,9.554999999999998
698.8,53.7,3.1,22.0,1.0,76290.0,0.0,4,0.0,0.0,705.9370000000007
21.8,1.6,2.0,0.4,0.0,94680.0,1.0,6,0.0,0.0,21.995
6.5,0.5,-3.1,-0.2,0.0,139380.0,1.0,6,0.0,0.0,6.380999999999999
74.2,6.1,-3.5,-2.6,0.0,61630.0,0.0,5,0.0,1.0,72.90700000000004
319.4,20.6,-3.5,-11.3,0.0,57490.0,0.0,5,0.0,1.0,312.77399999999955
106.4,7.8,-8.4,-8.9,0.0,56530.0,0.0,5,0.0,1.0,100.853
13.1,0.9,-3.5,-0.5,1.0,92730.0,0.0,4,0.0,0.0,12.594000000000015
183.4,13.5,1.8,3.4,0.0,78490.0,1.0,6,0.0,0.0,193.2069999999998
5.9,0.6,-4.7,-0.3,1.0,48940.0,0.0,4,0.0,0.0,5.530999999999998
9.3,0.8,-3.2,-0.3,1.0,107240.0,0.0,3,0.0,0.0,9.054
31.6,2.5,-11.2,-3.5,1.0,99670.0,0.0,3,0.0,0.0,28.698
10.8,1.0,2.0,0.2,1.0,67080.0,0.0,3,0.0,0.0,11.058
26.2,2.8,-14.6,-3.8,0.0,47300.0,1.0,6,0.0,0.0,23.333
555.1,65.5,4.1,22.9,0.0,37120.0,1.0,6,0.0,0.0,577.8479999999995
28.4,2.8,-13.5,-3.8,0.0,33880.0,0.0,5,0.0,1.0,25.945999999999977
35.8,2.8,-16.1,-5.8,1.0,39820.0,0.0,4,0.0,0.0,30.00700000000001
150.2,13.7,-8.1,-12.2,1.0,45160.0,0.0,4,0.0,0.0,141.938
43.6,3.9,6.0,2.6,1.0,52370.0,0.0,4,0.0,0.0,45.78599999999996
92.3,7.9,2.6,2.4,0.0,64520.0,0.0,4,1.0,0.0,94.17299999999994
61.9,4.6,-8.7,-5.4,1.0,48510.0,0.0,4,0.0,0.0,57.964000000000006
167.0,12.8,4.9,8.3,0.0,83480.0,1.0,6,1.0,0.0,176.36900000000006
292.8,31.6,0.5,1.5,1.0,38820.0,0.0,4,0.0,0.0,298.3759999999996
388.8,34.1,-1.8,-7.1,1.0,57770.0,0.0,4,0.0,0.0,382.04400000000004
1046.3,78.2,5.6,58.7,0.0,100750.0,1.0,6,1.0,0.0,1098.07
12.0,1.9,-0.6,-0.1,0.0,49210.0,1.0,6,1.0,0.0,11.96
77.3,6.3,3.8,2.9,0.0,65420.0,0.0,3,1.0,0.0,81.19399999999992
466.1,39.0,3.6,17.0,1.0,66700.0,0.0,5,0.0,1.0,491.9339999999998
84.0,23.3,2.5,2.1,1.0,41600.0,0.0,5,0.0,1.0,85.5850000000001
38.5,5.3,-0.4,-0.1,1.0,41590.0,0.0,5,0.0,1.0,37.184000000000026
144.5,15.9,20.0,28.9,0.0,42590.0,0.0,5,0.0,1.0,167.3319999999998
55.3,3.9,4.3,2.4,0.0,117580.0,0.0,1,0.0,0.0,57.09199999999994
52.5,4.0,3.6,1.9,0.0,80330.0,1.0,6,0.0,0.0,53.97599999999997
83.2,6.6,5.0,4.1,0.0,138520.0,1.0,6,1.0,0.0,87.14600000000006
315.9,27.6,4.8,15.0,0.0,69780.0,1.0,6,1.0,0.0,328.16700000000003
105.2,10.7,3.5,3.6,1.0,50730.0,0.0,4,0.0,0.0,106.92699999999988
13.1,1.5,2.6,0.3,1.0,60020.0,0.0,4,0.0,0.0,13.330000000000002
83.5,6.4,3.1,2.6,0.0,139510.0,1.0,6,1.0,0.0,86.34400000000001
19.2,0.9,1.9,0.4,0.0,101990.0,1.0,6,0.0,0.0,19.574999999999974
11.7,1.2,8.6,1.0,0.0,64190.0,0.0,4,0.0,0.0,12.418000000000012
228.0,12.9,4.3,9.8,0.0,77660.0,1.0,6,0.0,0.0,230.34499999999974
17.9,1.5,2.8,0.5,1.0,65680.0,0.0,3,0.0,0.0,18.162000000000027
1.6,0.2,3.9,0.1,1.0,49330.0,0.0,4,0.0,0.0,1.709999999999998
3.1,0.2,0.3,0.0,1.0,58030.0,0.0,4,0.0,0.0,3.119999999999999
15.0,1.1,1.6,0.2,1.0,67370.0,0.0,4,0.0,0.0,15.20499999999999
11.0,1.0,1.0,0.1,1.0,65480.0,0.0,4,0.0,0.0,11.134
36.8,3.1,1.1,0.4,1.0,74080.0,0.0,4,0.0,0.0,37.308000000000035
111.3,9.7,3.3,3.7,1.0,72280.0,1.0,6,0.0,0.0,117.43900000000005
420.9,36.6,3.1,12.8,1.0,56320.0,0.0,4,0.0,0.0,434.9789999999998
1007.2,128.5,0.0,0.3,1.0,37230.0,0.0,5,0.0,1.0,1016.763000000001
15.4,1.1,2.4,0.4,0.0,75890.0,1.0,6,0.0,0.0,15.66800000000002
327.7,68.1,4.1,13.4,1.0,35380.0,0.0,5,0.0,1.0,348.3309999999996
16.1,1.3,3.3,0.5,0.0,60280.0,1.0,6,1.0,0.0,16.381999999999994
19.5,2.8,11.5,2.2,1.0,50540.0,0.0,3,0.0,0.0,21.293000000000017
1.1,0.1,-16.9,-0.2,1.0,58540.0,0.0,4,0.0,0.0,0.9520000000000008
147.9,16.9,0.9,1.3,0.0,48350.0,0.0,5,0.0,1.0,149.76700000000017
3391.0,189.1,4.9,166.1,0.0,93600.0,1.0,6,1.0,0.0,3237.284999999999
91.9,10.0,1.4,1.3,0.0,46110.0,1.0,6,0.0,0.0,93.38899999999998
19.4,1.5,4.6,0.9,1.0,59280.0,0.0,2,0.0,0.0,20.252999999999986
88.4,11.1,0.6,0.6,0.0,45120.0,1.0,6,1.0,0.0,88.61799999999998
131.9,14.4,2.8,3.7,1.0,41460.0,0.0,5,0.0,1.0,133.5279999999999
91.2,17.4,3.8,3.5,1.0,39180.0,0.0,5,0.0,1.0,95.57899999999994
139.6,8.8,12.1,16.8,0.0,80450.0,1.0,6,0.0,0.0,154.4599999999998
3936.7,555.8,-0.5,-19.6,0.0,34580.0,0.0,5,0.0,1.0,3729.279999999996
24.6,2.5,3.2,0.8,1.0,62060.0,0.0,4,0.0,0.0,25.832999999999988
3.2,0.4,4.4,0.1,0.0,47460.0,0.0,5,0.0,1.0,3.387999999999999
22.5,1.9,-8.3,-1.9,1.0,48630.0,0.0,4,0.0,0.0,20.569999999999972
2.3,0.1,-34.2,-0.8,1.0,76640.0,0.0,4,0.0,0.0,1.675000000000001
166.7,12.7,5.9,9.8,0.0,50970.0,0.0,4,0.0,0.0,178.9830000000001
13.3,1.2,0.2,0.0,0.0,65010.0,0.0,4,0.0,0.0,13.751
46.0,4.3,2.5,1.1,0.0,47510.0,0.0,4,0.0,0.0,47.01999999999999
32.1,3.9,2.3,0.7,0.0,49610.0,0.0,4,0.0,0.0,33.06200000000004
122.6,16.0,3.7,4.5,1.0,46370.0,1.0,6,0.0,0.0,126.73700000000017
56.8,5.0,5.5,3.1,0.0,121520.0,0.0,4,1.0,0.0,59.946
619.5,49.0,4.7,29.0,0.0,138060.0,1.0,6,1.0,0.0,656.547
1226.7,123.0,3.1,37.9,1.0,66260.0,0.0,4,0.0,0.0,1271.3669999999984
1310.5,114.8,0.3,4.4,1.0,66780.0,0.0,4,0.0,0.0,1335.6229999999987
303.2,27.2,1.9,5.7,0.0,100070.0,0.0,4,1.0,0.0,310.6000000000003
45.0,4.8,-0.6,-0.3,1.0,39950.0,0.0,4,0.0,0.0,45.02099999999996
71.4,12.6,-2.7,-2.0,1.0,34980.0,0.0,5,0.0,1.0,69.78099999999999
67.2,3.8,0.7,0.5,0.0,86930.0,0.0,1,0.0,0.0,67.81099999999994
1094.5,66.2,-1.6,-17.8,0.0,64580.0,1.0,6,1.0,0.0,1100.180999999999
1944.0,202.8,-1.6,-30.8,1.0,46290.0,0.0,5,0.0,1.0,1959.738000000002
514.5,38.1,3.3,17.1,0.0,78140.0,0.0,4,1.0,0.0,540.9419999999994
85.9,9.4,10.4,8.9,1.0,59300.0,0.0,4,0.0,0.0,93.52299999999985
1262.1,161.0,0.4,5.1,1.0,38370.0,0.0,5,0.0,1.0,1276.299000000001
417.5,51.4,3.7,15.5,1.0,45590.0,1.0,6,0.0,0.0,433.268
31.9,3.9,10.9,3.5,1.0,51180.0,0.0,4,0.0,0.0,35.272000000000034
54.4,5.4,-4.3,-2.3,1.0,49500.0,0.0,4,0.0,0.0,51.890000000000015
30.4,2.9,7.6,2.3,1.0,49140.0,0.0,4,0.0,0.0,32.38299999999997
45.2,4.1,0.4,0.2,0.0,57980.0,0.0,4,0.0,0.0,45.544
31.3,2.5,2.3,0.7,0.0,66280.0,1.0,6,1.0,0.0,31.435999999999982
5.4,0.7,-7.0,-0.4,0.0,33760.0,0.0,4,0.0,0.0,5.164000000000001
124.0,13.0,-10.8,-13.3,0.0,36000.0,0.0,5,0.0,1.0,115.20800000000007
18.5,2.7,5.5,1.0,0.0,31470.0,0.0,5,0.0,1.0,19.27500000000003
127.0,10.6,2.4,3.1,1.0,60850.0,0.0,2,0.0,0.0,128.90300000000016
8.8,1.1,1.6,0.1,0.0,101320.0,1.0,6,0.0,0.0,9.067000000000002
862.2,69.3,-7.7,-66.3,1.0,43190.0,0.0,5,0.0,1.0,826.617000000001
9.5,0.9,-3.8,-0.4,1.0,35950.0,0.0,4,0.0,0.0,9.039000000000009
4.1,0.4,-3.7,-0.2,1.0,38160.0,0.0,5,0.0,1.0,3.5439999999999983
243.9,36.3,6.7,16.4,0.0,36670.0,0.0,5,0.0,1.0,264.64299999999974
8.7,0.8,1.7,0.1,1.0,83600.0,0.0,4,0.0,0.0,8.88699999999999
97.4,14.5,6.7,6.6,0.0,41560.0,1.0,6,0.0,0.0,102.49099999999987
69.6,8.4,2.2,1.5,0.0,39790.0,0.0,5,0.0,1.0,71.36099999999993
219.8,18.6,6.4,14.1,0.0,78240.0,1.0,6,1.0,0.0,228.0089999999999
449.6,50.6,6.4,28.9,1.0,45120.0,0.0,5,0.0,1.0,481.92499999999984
40.6,5.2,4.4,1.8,0.0,58040.0,1.0,6,1.0,0.0,42.58300000000004
20.7,1.5,1.7,0.4,0.0,75040.0,1.0,6,0.0,0.0,21.11999999999997
40.8,3.2,-1.7,-0.7,0.0,100340.0,1.0,6,1.0,0.0,40.96700000000003
17.1,1.3,2.3,0.4,0.0,76210.0,1.0,6,0.0,0.0,17.60000000000001
81.0,7.0,3.9,3.1,0.0,69480.0,1.0,6,1.0,0.0,83.75999999999998
3.4,0.3,3.6,0.1,0.0,101690.0,1.0,6,0.0,0.0,3.577000000000001
15.4,1.1,2.1,0.3,0.0,82540.0,1.0,6,0.0,0.0,15.661000000000023
1693.8,115.2,15.8,267.7,0.0,133080.0,1.0,6,1.0,0.0,1921.1669999999983
201.7,14.0,10.0,20.2,0.0,102610.0,1.0,6,1.0,0.0,221.46300000000016
20.7,1.7,5.4,1.1,0.0,71410.0,1.0,6,1.0,0.0,21.60099999999998
28.6,4.1,42.1,12.0,1.0,51860.0,0.0,4,0.0,0.0,37.874999999999964
16.9,1.2,-1.7,-0.3,0.0,66430.0,0.0,5,0.0,1.0,16.87299999999999
41.0,2.9,1.1,0.4,0.0,67430.0,1.0,6,1.0,0.0,41.41600000000001
230.2,15.4,-1.8,-4.1,0.0,63000.0,1.0,6,1.0,0.0,223.74499999999992
94.8,6.3,-1.9,-1.8,0.0,64880.0,1.0,6,1.0,0.0,93.76099999999998
29.3,2.1,1.4,0.4,0.0,62190.0,1.0,6,1.0,0.0,29.760999999999967
164.2,11.1,-1.6,-2.6,0.0,69590.0,1.0,6,1.0,0.0,161.044
57.1,5.0,1.6,0.9,0.0,99800.0,1.0,6,1.0,0.0,59.19099999999997
187.4,13.3,15.0,28.2,0.0,95410.0,0.0,1,0.0,0.0,210.639
33.3,3.8,2.2,0.7,1.0,75190.0,0.0,3,0.0,0.0,34.295
6.5,0.8,-2.5,-0.2,0.0,51440.0,1.0,6,1.0,0.0,6.3989999999999965
32.2,2.0,8.5,2.7,0.0,103300.0,1.0,6,0.0,0.0,34.864999999999995
2764.8,472.3,8.5,235.0,0.0,37090.0,0.0,5,0.0,1.0,3042.989
12.1,0.8,-3.0,-0.4,1.0,51990.0,0.0,2,0.0,0.0,11.764999999999985
65.7,5.5,4.4,2.9,1.0,62700.0,0.0,2,0.0,0.0,68.33900000000006
53.8,4.1,-16.3,-8.8,1.0,49900.0,0.0,4,0.0,0.0,47.301000000000016
483.5,48.3,16.8,81.0,0.0,59190.0,0.0,1,0.0,0.0,539.0609999999994
510.1,61.1,1.6,8.4,0.0,38470.0,1.0,6,1.0,0.0,513.4609999999998
9.6,0.9,3.4,0.3,1.0,84830.0,0.0,4,0.0,0.0,9.68199999999999
25.3,1.6,5.1,1.3,0.0,60290.0,1.0,6,0.0,0.0,26.331999999999972
115.6,7.0,4.5,5.2,0.0,62830.0,1.0,6,0.0,0.0,121.28999999999998
8.8,0.7,-5.2,-0.5,0.0,63380.0,1.0,6,0.0,0.0,8.58999999999999
59.4,7.6,4.5,2.7,1.0,51940.0,0.0,4,0.0,0.0,61.68700000000006
56.1,3.9,4.4,2.5,0.0,72740.0,0.0,1,1.0,0.0,58.99100000000005
36.6,2.8,-26.3,-9.6,1.0,38370.0,0.0,5,0.0,1.0,28.205
38.8,5.0,-4.5,-1.7,0.0,40860.0,0.0,4,0.0,0.0,36.57899999999998
12.0,1.3,4.3,0.5,0.0,58070.0,0.0,5,0.0,1.0,12.308000000000003
15.6,1.1,0.1,0.0,0.0,64700.0,0.0,4,0.0,0.0,15.704999999999984
57.6,4.3,-1.8,-1.0,0.0,59740.0,0.0,4,1.0,0.0,56.71899999999999
90.6,10.4,4.5,4.1,1.0,50560.0,0.0,4,0.0,0.0,94.72199999999995
204.0,22.6,11.1,22.6,0.0,36220.0,0.0,5,0.0,1.0,224.02499999999978
153.8,18.0,-0.1,-0.2,0.0,64690.0,1.0,6,1.0,0.0,153.298
1422.8,170.4,-1.5,-21.1,0.0,35240.0,1.0,6,0.0,0.0,1438.1270000000002
193.6,24.6,3.1,6.0,0.0,44930.0,1.0,6,1.0,0.0,211.74099999999984
56.4,4.5,0.9,0.5,0.0,91670.0,0.0,5,1.0,1.0,57.45499999999996
156.9,13.2,-4.2,-6.6,0.0,62630.0,0.0,4,0.0,0.0,149.55499999999998
99.9,8.9,-3.1,-3.1,1.0,70500.0,0.0,3,0.0,0.0,97.09599999999999
67.4,6.5,-22.1,-14.9,0.0,34410.0,0.0,5,0.0,1.0,64.50599999999991
4.0,0.3,-27.5,-1.1,1.0,39130.0,0.0,5,0.0,1.0,3.426999999999996
347.4,29.8,-12.9,-44.9,1.0,39340.0,0.0,5,0.0,1.0,351.95300000000003
1.5,0.1,-11.1,-0.2,1.0,57260.0,0.0,2,0.0,0.0,1.5650000000000004
6.2,0.7,-10.1,-0.6,1.0,37320.0,0.0,5,0.0,1.0,5.706999999999999
9.3,1.0,-11.7,-1.1,1.0,37940.0,0.0,4,0.0,0.0,8.35300000000001
15.3,1.7,-11.2,-1.7,1.0,38260.0,0.0,5,0.0,1.0,13.97899999999999
21.7,2.5,-9.0,-1.9,1.0,37660.0,0.0,4,0.0,0.0,20.178999999999984
14.7,1.7,-9.4,-1.4,1.0,37010.0,0.0,5,0.0,1.0,13.486999999999982
56.1,4.1,11.5,6.4,0.0,65010.0,1.0,6,1.0,0.0,61.450000000000024
52.6,4.2,10.1,5.3,0.0,52240.0,0.0,3,0.0,0.0,56.39500000000001
0.2,0.0,-17.5,0.0,1.0,40790.0,0.0,4,0.0,0.0,0.3529999999999996
20.9,2.5,2.3,0.5,1.0,55580.0,0.0,4,0.0,0.0,21.38700000000002
113.4,15.3,5.7,6.5,1.0,37120.0,0.0,5,0.0,1.0,120.95799999999991
57.4,5.4,2.0,1.1,1.0,54980.0,0.0,4,0.0,0.0,58.54299999999999
55.2,4.7,-10.8,-6.0,0.0,63180.0,0.0,3,0.0,0.0,51.16500000000005
5.8,0.5,-7.8,-0.5,1.0,48970.0,0.0,4,0.0,0.0,5.501999999999999
55.8,13.0,8.1,4.5,1.0,36660.0,0.0,4,0.0,0.0,60.229000000000084
7.9,0.8,3.7,0.3,1.0,58480.0,0.0,4,0.0,0.0,8.001000000000012
46.4,3.8,5.8,2.7,0.0,127090.0,1.0,6,1.0,0.0,48.376999999999924
452.3,43.9,10.8,48.7,0.0,65850.0,1.0,6,1.0,0.0,496.0959999999999
3.1,0.2,3.0,0.1,1.0,82320.0,0.0,4,0.0,0.0,3.195999999999996
25.7,2.5,1.7,0.4,1.0,85750.0,0.0,4,0.0,0.0,26.26799999999997
50.1,4.7,-6.0,-3.0,1.0,63360.0,0.0,5,0.0,1.0,47.385999999999996
11.5,1.2,3.8,0.4,1.0,39630.0,0.0,5,0.0,1.0,11.915
216.7,18.5,6.1,13.1,1.0,102010.0,1.0,6,0.0,0.0,227.4779999999997
65.7,7.1,2.2,1.4,1.0,48450.0,0.0,4,0.0,0.0,67.14499999999992
60.1,7.4,3.3,2.0,1.0,50430.0,0.0,5,0.0,1.0,61.71400000000006
215.5,37.1,0.6,1.3,0.0,40090.0,1.0,6,0.0,0.0,220.1979999999997
19.3,4.6,5.7,1.1,1.0,38820.0,0.0,4,0.0,0.0,20.501000000000023
3.6,0.4,-6.1,-0.2,0.0,67220.0,0.0,4,0.0,0.0,3.3549999999999995
22.7,2.2,-1.8,-0.4,1.0,46190.0,0.0,4,0.0,0.0,21.843999999999987
44.7,3.4,3.4,1.5,0.0,83720.0,1.0,6,0.0,0.0,46.54099999999995
121.7,30.8,1.2,1.4,0.0,31150.0,0.0,5,0.0,1.0,122.36000000000014
86.4,3.0,9.6,8.3,0.0,125510.0,1.0,6,0.0,0.0,93.77299999999995
117.8,22.2,8.7,10.3,1.0,37320.0,0.0,5,0.0,1.0,128.25300000000018
134.2,14.3,9.1,12.2,0.0,45980.0,1.0,6,0.0,0.0,146.07899999999984
2329.7,456.7,-0.7,-16.3,0.0,33760.0,0.0,5,0.0,1.0,2402.8980000000006
1.4,0.1,-1.1,0.0,1.0,60690.0,0.0,3,0.0,0.0,1.592
132.4,10.7,-6.5,-8.7,1.0,58260.0,0.0,3,0.0,0.0,125.46399999999988
128.9,9.1,7.0,9.0,0.0,98090.0,1.0,6,1.0,0.0,136.80399999999992
86.0,5.4,7.5,6.5,0.0,90930.0,1.0,6,1.0,0.0,92.63599999999997
49.8,5.3,-4.8,-2.4,1.0,45650.0,0.0,5,0.0,1.0,48.10799999999999
457.3,45.6,2.2,9.9,1.0,51000.0,0.0,4,0.0,0.0,476.5999999999995
38.9,3.2,-9.0,-3.5,1.0,47060.0,0.0,4,0.0,0.0,35.02400000000004
18.8,2.0,-4.7,-0.9,1.0,70010.0,0.0,4,0.0,0.0,17.87300000000002
13.6,2.3,49.9,6.8,0.0,62580.0,0.0,3,0.0,0.0,18.237999999999996
17.6,1.8,-4.4,-0.8,1.0,41220.0,0.0,4,0.0,0.0,17.449000000000012
63.1,6.4,-1.8,-1.1,1.0,40440.0,0.0,4,0.0,0.0,62.61499999999998
40.0,2.2,-36.1,-14.4,1.0,47850.0,0.0,5,0.0,1.0,29.707999999999956
135.4,13.4,3.6,4.9,0.0,72270.0,0.0,3,1.0,0.0,140.71099999999979
18.2,1.4,1.6,0.3,0.0,72860.0,1.0,6,1.0,0.0,18.257000000000005
