Employment 2024,"Occupational Openings, 2024-2034 Annual Average","Employment Percent Change, 2024-2034","Employment Change, 2024-2034",Typical Entry-Level Education_High school diploma or equivalent,Median Annual Wage 2024,Typical on-the-job Training_nan,trCode,Typical Entry-Level Education_Bachelor's degree,Typical on-the-job Training_Short-term on-the-job training
1579.8,124.2,4.6,72.8,0.0,81680.0,1.0,6,1.0,0.0
33.6,2.4,21.8,7.3,0.0,125770.0,0.0,3,1.0,0.0
15.3,0.9,6.8,1.0,0.0,78140.0,1.0,6,0.0,0.0
12.2,1.3,1.0,0.1,1.0,45210.0,0.0,4,0.0,0.0
17.5,0.5,-0.7,-0.1,0.0,115230.0,0.0,5,0.0,1.0
271.2,23.2,4.6,12.6,0.0,108390.0,1.0,6,1.0,0.0
40.9,3.9,-13.7,-5.6,0.0,59950.0,1.0,6,1.0,0.0
27.0,2.1,-2.2,-0.6,0.0,126960.0,1.0,6,1.0,0.0
103.7,9.3,-6.4,-6.6,1.0,61460.0,0.0,4,0.0,0.0
9.3,0.9,8.1,0.8,0.0,79830.0,1.0,6,0.0,0.0
71.6,4.5,6.1,4.4,0.0,134830.0,1.0,6,1.0,0.0
21.4,2.2,8.7,1.9,0.0,96310.0,1.0,6,1.0,0.0
1.7,0.1,5.9,0.1,0.0,84630.0,1.0,6,1.0,0.0
65.2,10.5,7.7,5.0,0.0,42580.0,0.0,4,0.0,0.0
14.7,2.2,1.5,0.2,0.0,50990.0,0.0,4,1.0,0.0
10.7,0.8,4.1,0.4,0.0,86350.0,1.0,6,0.0,0.0
18.6,2.9,4.3,0.8,0.0,46790.0,0.0,4,0.0,0.0
10.1,1.5,2.3,0.2,0.0,40390.0,0.0,5,0.0,1.0
24.1,2.2,1.2,0.3,0.0,144580.0,0.0,3,0.0,0.0
10.3,1.1,5.2,0.5,1.0,63940.0,1.0,6,0.0,0.0
139.4,11.3,4.0,5.6,0.0,78680.0,1.0,6,0.0,0.0
28.0,4.3,5.1,1.4,1.0,41540.0,0.0,5,0.0,1.0
33.6,2.8,-14.5,-4.9,1.0,61680.0,0.0,4,0.0,0.0
16.9,1.6,4.2,0.7,1.0,56750.0,0.0,3,0.0,0.0
100.0,11.7,3.9,3.9,0.0,226600.0,0.0,4,1.0,0.0
12.3,1.4,-1.3,-0.2,1.0,34330.0,0.0,4,0.0,0.0
392.3,102.4,3.4,13.2,0.0,30490.0,0.0,5,0.0,1.0
7.9,1.2,2.4,0.2,1.0,52000.0,0.0,5,0.0,1.0
392.1,74.6,12.1,47.6,1.0,33470.0,0.0,5,0.0,1.0
12.2,1.3,3.9,0.5,1.0,45830.0,0.0,4,0.0,0.0
2.8,0.2,5.8,0.2,0.0,79120.0,1.0,6,1.0,0.0
47.3,7.1,5.1,2.4,1.0,38750.0,0.0,4,0.0,0.0
8.8,0.8,3.7,0.3,0.0,64910.0,1.0,6,0.0,0.0
6.5,0.5,2.7,0.2,0.0,95770.0,1.0,6,0.0,0.0
9.1,0.3,4.3,0.4,0.0,67710.0,0.0,4,1.0,0.0
123.6,7.8,3.9,4.8,0.0,96690.0,0.0,1,1.0,0.0
110.5,10.0,4.1,4.6,0.0,64280.0,1.0,6,0.0,0.0
212.5,14.5,3.8,8.0,0.0,167740.0,1.0,6,1.0,0.0
11.6,0.9,2.0,0.2,0.0,101480.0,1.0,6,0.0,0.0
9.3,1.1,3.8,0.4,0.0,61570.0,1.0,6,0.0,0.0
14.5,1.1,2.4,0.3,0.0,84290.0,1.0,6,0.0,0.0
135.0,12.3,4.2,5.7,0.0,111040.0,1.0,6,1.0,0.0
122.8,9.0,1.7,2.1,0.0,80190.0,1.0,6,0.0,0.0
13.9,1.2,0.8,0.1,0.0,72760.0,0.0,3,0.0,0.0
1.8,0.1,2.2,0.0,0.0,132170.0,1.0,6,0.0,0.0
19.1,2.1,5.5,1.0,0.0,62360.0,0.0,3,0.0,0.0
33.9,2.4,11.1,3.8,0.0,60250.0,1.0,6,0.0,0.0
9.4,0.7,0.7,0.1,0.0,97450.0,1.0,6,1.0,0.0
14.0,1.0,2.6,0.4,0.0,101390.0,1.0,6,0.0,0.0
92.3,7.3,3.3,3.1,0.0,54830.0,0.0,5,0.0,1.0
15.8,0.7,9.5,1.5,0.0,92120.0,1.0,6,0.0,0.0
24.6,2.6,6.6,1.6,0.0,50620.0,0.0,5,0.0,1.0
100.0,14.4,-1.0,-1.0,0.0,34850.0,0.0,5,0.0,1.0
172.6,14.6,1.6,2.8,1.0,51680.0,0.0,3,0.0,0.0
20.4,1.4,3.6,0.7,1.0,47260.0,0.0,4,0.0,0.0
805.6,70.0,4.2,33.6,0.0,49670.0,0.0,5,0.0,1.0
21.4,1.8,8.2,1.7,0.0,81390.0,1.0,6,0.0,0.0
32.5,4.6,-1.6,-0.5,1.0,36020.0,0.0,5,0.0,1.0
19.0,1.8,-2.2,-0.4,1.0,57050.0,0.0,4,0.0,0.0
249.1,39.9,5.6,14.0,0.0,36650.0,0.0,4,0.0,0.0
76.0,8.4,4.1,3.1,0.0,38960.0,1.0,6,0.0,0.0
756.7,129.6,5.9,44.8,0.0,33530.0,0.0,5,0.0,1.0
13.2,1.6,-2.3,-0.3,1.0,40360.0,0.0,4,0.0,0.0
166.9,13.7,-10.5,-17.5,1.0,46040.0,0.0,4,0.0,0.0
429.8,42.2,-0.4,-1.9,1.0,47170.0,0.0,4,0.0,0.0
35.6,2.9,5.8,2.1,0.0,103650.0,1.0,6,0.0,0.0
22.2,1.3,5.2,1.1,0.0,106950.0,1.0,6,1.0,0.0
66.0,5.4,7.3,4.8,0.0,83460.0,1.0,6,0.0,0.0
63.7,4.8,1.2,0.8,0.0,93330.0,1.0,6,1.0,0.0
82.7,9.1,3.5,2.9,0.0,52000.0,1.0,6,1.0,0.0
10.4,0.8,-2.4,-0.2,1.0,73340.0,0.0,2,0.0,0.0
1613.4,170.0,-5.8,-94.3,0.0,49210.0,0.0,4,0.0,0.0
74.1,5.6,3.2,2.4,1.0,60800.0,0.0,2,0.0,0.0
2.9,0.3,-3.3,-0.1,1.0,58490.0,0.0,5,0.0,1.0
24.1,2.3,-5.5,-1.3,0.0,45680.0,1.0,6,1.0,0.0
24.8,1.8,-2.8,-0.7,0.0,53920.0,0.0,5,0.0,1.0
40.8,4.1,-9.5,-3.9,1.0,62940.0,0.0,4,0.0,0.0
50.4,3.1,1.0,0.5,0.0,87930.0,1.0,6,1.0,0.0
18.1,2.6,2.5,0.5,0.0,42360.0,0.0,5,0.0,1.0
319.9,26.5,2.4,7.8,1.0,60640.0,0.0,3,0.0,0.0
387.3,61.0,0.2,0.9,1.0,47040.0,0.0,5,0.0,1.0
158.8,20.9,4.3,6.8,1.0,57440.0,0.0,4,0.0,0.0
1205.7,108.2,3.0,36.3,0.0,81270.0,1.0,6,1.0,0.0
103.1,8.1,5.7,5.8,0.0,97270.0,1.0,6,0.0,0.0
143.1,16.9,1.0,1.4,0.0,38960.0,0.0,3,0.0,0.0
522.2,52.2,5.8,30.1,0.0,75650.0,0.0,4,1.0,0.0
86.0,8.1,-1.6,-1.4,1.0,46020.0,0.0,4,0.0,0.0
15.8,1.4,4.7,0.7,0.0,65040.0,1.0,6,0.0,0.0
2.3,0.2,-15.1,-0.3,1.0,49300.0,0.0,3,0.0,0.0
36.4,2.9,1.2,0.4,0.0,68810.0,1.0,6,1.0,0.0
40.7,4.3,0.5,0.2,0.0,85540.0,1.0,6,0.0,0.0
64.7,3.8,3.0,1.9,0.0,67260.0,1.0,6,0.0,0.0
14.0,0.9,-2.0,-0.3,0.0,63620.0,1.0,6,1.0,0.0
122.2,8.8,0.7,0.8,0.0,61490.0,1.0,6,1.0,0.0
103.4,6.2,-1.8,-1.9,0.0,63910.0,1.0,6,1.0,0.0
100.6,8.8,8.5,8.6,1.0,49900.0,0.0,5,0.0,1.0
959.0,74.1,4.5,43.1,1.0,59310.0,0.0,2,0.0,0.0
20.3,1.1,-9.6,-1.9,0.0,49850.0,0.0,5,0.0,1.0
13.4,1.0,6.4,0.9,0.0,78380.0,1.0,6,1.0,0.0
3157.2,542.6,-9.9,-313.6,0.0,31190.0,0.0,5,0.0,1.0
206.7,14.3,1.8,3.8,0.0,54660.0,0.0,4,0.0,0.0
197.3,24.4,7.1,14.0,1.0,60990.0,1.0,6,0.0,0.0
21.6,1.1,2.6,0.6,0.0,121860.0,1.0,6,1.0,0.0
128.9,14.4,3.3,4.3,1.0,57090.0,0.0,4,0.0,0.0
18.1,1.6,-6.1,-1.1,1.0,73540.0,0.0,4,0.0,0.0
57.0,6.7,3.7,2.1,0.0,57790.0,0.0,4,0.0,0.0
25.4,1.9,2.2,0.6,0.0,86220.0,1.0,6,0.0,0.0
86.8,6.3,4.9,4.3,0.0,84150.0,1.0,6,1.0,0.0
309.4,22.2,4.3,13.3,0.0,206420.0,1.0,6,1.0,0.0
399.9,35.1,3.4,13.4,0.0,58570.0,1.0,6,1.0,0.0
991.6,160.2,-2.9,-29.2,1.0,32050.0,0.0,5,0.0,1.0
57.2,2.8,9.5,5.4,0.0,79000.0,1.0,6,0.0,0.0
4.6,0.7,6.1,0.3,1.0,55600.0,0.0,3,0.0,0.0
64.9,5.5,2.1,1.4,0.0,64200.0,1.0,6,0.0,0.0
368.9,23.6,5.0,18.5,0.0,99590.0,1.0,6,1.0,0.0
356.1,21.1,-5.1,-18.2,1.0,76790.0,0.0,3,0.0,0.0
410.1,56.2,3.9,16.0,0.0,35270.0,0.0,5,0.0,1.0
14.6,1.6,3.6,0.5,1.0,41460.0,0.0,4,0.0,0.0
262.0,23.0,1.0,2.6,0.0,60820.0,0.0,4,1.0,0.0
76.3,4.8,11.2,8.5,0.0,95830.0,0.0,1,0.0,0.0
351.2,22.6,1.7,6.0,0.0,61890.0,1.0,6,1.0,0.0
306.5,41.8,6.4,19.5,0.0,45920.0,1.0,6,1.0,0.0
165.5,15.8,0.7,1.2,1.0,47590.0,0.0,4,0.0,0.0
12.2,1.2,-6.3,-0.8,1.0,47260.0,0.0,4,0.0,0.0
32.5,3.5,-2.9,-0.9,1.0,47350.0,0.0,5,0.0,1.0
30.6,2.5,3.2,1.0,0.0,79450.0,1.0,6,1.0,0.0
4.2,0.4,8.5,0.4,0.0,61130.0,0.0,4,0.0,0.0
55.4,6.6,5.1,2.8,0.0,122670.0,0.0,4,0.0,0.0
1.4,0.1,2.5,0.0,1.0,49910.0,0.0,5,0.0,1.0
35.8,2.7,2.1,0.8,0.0,77800.0,1.0,6,0.0,0.0
119.2,13.1,4.6,5.5,0.0,54940.0,1.0,6,1.0,0.0
65.1,7.8,11.3,7.4,1.0,51030.0,0.0,5,0.0,1.0
20.9,1.5,0.2,0.0,0.0,140360.0,1.0,6,1.0,0.0
107.0,8.5,5.3,5.6,0.0,77020.0,1.0,6,1.0,0.0
418.0,33.3,3.0,12.3,0.0,78420.0,0.0,4,1.0,0.0
40.3,3.2,19.7,7.9,0.0,140910.0,1.0,6,0.0,0.0
667.1,55.6,15.2,101.6,0.0,171200.0,1.0,6,1.0,0.0
76.8,4.7,7.3,5.6,0.0,155020.0,1.0,6,1.0,0.0
179.2,11.2,11.9,21.4,0.0,130390.0,1.0,6,1.0,0.0
152.7,9.6,1.8,2.8,0.0,73340.0,0.0,4,0.0,0.0
177.1,13.5,-10.7,-19.0,1.0,49970.0,0.0,4,0.0,0.0
28.3,3.1,12.8,3.6,0.0,65670.0,0.0,4,0.0,0.0
472.0,31.3,8.2,38.5,0.0,108970.0,1.0,6,1.0,0.0
121.2,5.5,-6.0,-7.2,0.0,98670.0,1.0,6,1.0,0.0
44.8,3.5,5.3,2.4,0.0,96690.0,1.0,6,0.0,0.0
521.1,34.2,8.7,45.5,0.0,103790.0,1.0,6,1.0,0.0
729.5,40.8,-3.7,-27.0,0.0,60340.0,0.0,4,0.0,0.0
79.1,7.6,-0.9,-0.7,0.0,46860.0,0.0,5,0.0,1.0
45.6,6.8,2.3,1.1,1.0,37320.0,0.0,4,0.0,0.0
28.5,2.5,3.4,1.0,0.0,67950.0,1.0,6,1.0,0.0
147.6,14.8,-0.8,-1.2,1.0,72120.0,0.0,4,0.0,0.0
1457.0,129.4,7.3,106.5,0.0,46730.0,0.0,5,0.0,1.0
550.3,46.8,8.7,48.1,0.0,106980.0,0.0,4,1.0,0.0
14.9,1.6,0.6,0.1,0.0,63380.0,0.0,4,0.0,0.0
47.7,3.9,1.3,0.6,1.0,74690.0,0.0,4,0.0,0.0
29.1,2.6,-3.4,-1.0,0.0,41230.0,0.0,5,0.0,1.0
24.0,3.7,5.5,1.3,0.0,36210.0,0.0,4,0.0,0.0
669.5,82.1,-13.5,-90.3,0.0,30160.0,0.0,5,0.0,1.0
466.1,69.7,2.0,9.3,0.0,36450.0,0.0,5,0.0,1.0
34.2,5.3,5.1,1.7,0.0,44530.0,1.0,6,0.0,0.0
1460.2,250.7,14.9,217.0,0.0,36830.0,0.0,4,0.0,0.0
151.1,20.6,-5.6,-8.4,0.0,35620.0,0.0,5,0.0,1.0
7.1,0.8,7.2,0.5,1.0,40160.0,0.0,4,0.0,0.0
387.5,30.1,-7.8,-30.1,1.0,57970.0,0.0,4,0.0,0.0
6.9,0.7,-5.6,-0.4,1.0,46740.0,0.0,5,0.0,1.0
221.4,16.9,-4.2,-9.3,0.0,77070.0,0.0,4,1.0,0.0
6.7,1.8,5.9,0.4,1.0,54810.0,0.0,5,0.0,1.0
69.1,7.4,12.6,8.7,0.0,49830.0,1.0,6,0.0,0.0
408.2,45.9,3.2,13.1,0.0,38540.0,0.0,5,0.0,1.0
247.2,27.9,8.2,20.4,1.0,38340.0,0.0,5,0.0,1.0
17.7,1.7,-0.3,0.0,0.0,67310.0,0.0,5,0.0,1.0
180.4,18.5,3.0,5.5,1.0,47700.0,0.0,3,0.0,0.0
11.6,1.0,2.1,0.2,0.0,38480.0,0.0,3,0.0,0.0
42.3,3.8,3.0,1.3,1.0,66370.0,0.0,4,0.0,0.0
67.8,3.7,-4.4,-3.0,0.0,80970.0,1.0,6,1.0,0.0
12.0,1.0,-6.2,-0.7,1.0,49130.0,0.0,4,0.0,0.0
31.8,2.2,3.3,1.1,0.0,50480.0,0.0,4,1.0,0.0
3.1,0.6,3.3,0.1,1.0,42880.0,0.0,5,0.0,1.0
16.2,1.2,2.0,0.3,0.0,71470.0,1.0,6,0.0,0.0
91.4,18.0,3.6,3.3,0.0,37700.0,0.0,5,0.0,1.0
28.7,2.7,-2.5,-0.7,1.0,46890.0,0.0,4,0.0,0.0
15.1,1.8,7.0,1.1,0.0,61770.0,1.0,6,0.0,0.0
2814.0,341.7,-5.5,-153.7,1.0,42830.0,0.0,5,0.0,1.0
7.0,0.6,-18.1,-1.3,0.0,38800.0,0.0,5,0.0,1.0
49.0,5.3,-2.3,-1.1,1.0,45700.0,0.0,4,0.0,0.0
174.7,14.4,-12.1,-21.1,1.0,45590.0,0.0,4,0.0,0.0
141.6,9.5,-25.9,-36.7,1.0,39850.0,0.0,5,0.0,1.0
245.9,23.4,33.5,82.5,0.0,112590.0,1.0,6,1.0,0.0
78.0,3.8,-0.7,-0.5,0.0,104620.0,1.0,6,1.0,0.0
66.9,4.0,8.7,5.8,0.0,135980.0,1.0,6,1.0,0.0
79.2,14.0,-0.1,-0.1,0.0,37960.0,0.0,5,0.0,1.0
381.9,52.9,6.4,24.4,0.0,47300.0,1.0,6,0.0,0.0
221.6,15.3,7.0,15.5,0.0,94260.0,1.0,6,0.0,0.0
35.2,3.9,-4.7,-1.6,1.0,48310.0,0.0,4,0.0,0.0
6.6,0.2,0.3,0.0,0.0,225770.0,0.0,1,0.0,0.0
129.8,3.9,4.1,5.4,0.0,172790.0,1.0,6,0.0,0.0
11.3,1.0,0.5,0.1,0.0,62740.0,0.0,5,0.0,1.0
28.6,2.2,2.0,0.6,0.0,66220.0,1.0,6,1.0,0.0
5.0,0.4,-12.4,-0.6,0.0,53620.0,0.0,5,0.0,1.0
117.9,7.8,-0.7,-0.8,1.0,93580.0,0.0,4,0.0,0.0
90.0,5.8,13.0,11.7,0.0,89340.0,1.0,6,0.0,0.0
30.9,4.0,2.5,0.8,0.0,37040.0,1.0,6,0.0,0.0
90.9,6.2,5.5,5.0,0.0,73850.0,0.0,1,1.0,0.0
527.4,99.6,6.3,33.1,0.0,32670.0,0.0,5,0.0,1.0
138.9,13.8,2.1,2.9,0.0,54840.0,1.0,6,1.0,0.0
477.7,76.8,0.2,0.9,0.0,33670.0,0.0,5,0.0,1.0
218.7,18.5,-0.9,-2.1,1.0,48880.0,0.0,4,0.0,0.0
25.3,2.7,-10.0,-2.5,0.0,34530.0,0.0,5,0.0,1.0
17.1,1.3,-6.9,-1.2,0.0,62010.0,1.0,6,0.0,0.0
1.1,0.1,1.2,0.0,1.0,48430.0,0.0,4,0.0,0.0
5.3,0.4,-19.6,-1.0,1.0,46630.0,0.0,4,0.0,0.0
451.5,51.3,8.8,39.8,1.0,37130.0,0.0,5,0.0,1.0
103.1,7.7,4.2,4.3,0.0,58140.0,0.0,4,0.0,0.0
18.3,1.7,2.9,0.5,1.0,59600.0,0.0,3,0.0,0.0
15.8,1.2,2.1,0.3,0.0,119980.0,1.0,6,0.0,0.0
17.6,0.9,1.2,0.2,0.0,115440.0,1.0,6,0.0,0.0
115.8,9.8,0.6,0.7,0.0,75260.0,1.0,6,1.0,0.0
60.2,4.1,2.5,1.5,0.0,89040.0,1.0,6,1.0,0.0
333.3,20.8,-1.5,-5.1,0.0,104070.0,1.0,6,0.0,0.0
226.6,15.1,1.7,4.0,0.0,103960.0,1.0,6,0.0,0.0
90.2,5.5,-2.5,-2.3,0.0,56270.0,1.0,6,1.0,0.0
74.9,5.6,2.1,1.6,0.0,72090.0,1.0,6,0.0,0.0
132.0,12.5,1.5,2.0,0.0,48400.0,1.0,6,1.0,0.0
376.3,31.0,3.5,13.3,0.0,65140.0,1.0,6,0.0,0.0
17.1,1.7,3.4,0.6,1.0,53990.0,0.0,4,0.0,0.0
93.7,8.4,0.6,0.6,0.0,77180.0,1.0,6,0.0,0.0
21.6,1.7,-5.6,-1.2,0.0,73720.0,1.0,6,0.0,0.0
7.0,0.6,6.1,0.4,0.0,82730.0,0.0,3,0.0,0.0
61.1,4.7,-0.8,-0.5,0.0,71300.0,0.0,3,0.0,0.0
23.4,2.0,5.5,1.3,0.0,100940.0,0.0,4,0.0,0.0
192.0,11.7,7.2,13.8,0.0,111910.0,1.0,6,1.0,0.0
127.4,10.7,6.6,8.4,1.0,92560.0,0.0,3,0.0,0.0
261.4,29.6,4.6,11.9,1.0,44040.0,0.0,4,0.0,0.0
818.7,81.0,9.5,77.4,1.0,62350.0,0.0,2,0.0,0.0
15.0,1.3,1.1,0.2,0.0,70760.0,1.0,6,0.0,0.0
10.3,0.6,-13.6,-1.4,1.0,47940.0,0.0,4,0.0,0.0
95.9,5.7,6.2,6.0,0.0,127590.0,1.0,6,1.0,0.0
1422.7,91.0,-2.0,-27.9,0.0,62340.0,1.0,6,1.0,0.0
24.2,2.0,5.0,1.2,1.0,106580.0,0.0,2,0.0,0.0
166.8,14.0,1.0,1.7,1.0,51500.0,0.0,4,0.0,0.0
3.6,0.6,1.3,0.0,0.0,56280.0,0.0,3,0.0,0.0
13.2,1.0,3.0,0.4,0.0,86130.0,1.0,6,1.0,0.0
181.0,14.1,5.1,9.2,0.0,41340.0,1.0,6,0.0,0.0
38.4,2.8,-21.1,-8.1,1.0,52540.0,0.0,4,0.0,0.0
50.3,4.1,8.1,4.1,0.0,106120.0,1.0,6,0.0,0.0
67.3,5.7,1.5,1.0,0.0,77390.0,1.0,6,0.0,0.0
158.8,9.3,2.1,3.3,0.0,117750.0,1.0,6,1.0,0.0
72.2,5.1,0.0,0.0,0.0,78270.0,1.0,6,0.0,0.0
43.2,5.5,7.7,3.3,0.0,77180.0,1.0,6,1.0,0.0
8.5,2.2,3.6,0.3,1.0,34550.0,0.0,5,0.0,1.0
12.9,1.1,1.2,0.1,0.0,58890.0,1.0,6,0.0,0.0
39.4,3.0,3.9,1.5,0.0,104170.0,1.0,6,1.0,0.0
40.4,5.6,4.0,1.6,0.0,49490.0,1.0,6,0.0,0.0
9.0,0.7,2.9,0.3,0.0,87710.0,1.0,6,0.0,0.0
90.3,8.5,4.4,4.0,0.0,80060.0,1.0,6,1.0,0.0
12.3,0.8,16.2,2.0,0.0,83980.0,1.0,6,0.0,0.0
8.6,0.9,-0.7,-0.1,1.0,40450.0,0.0,4,0.0,0.0
35.8,3.1,-0.4,-0.1,1.0,52550.0,0.0,4,0.0,0.0
502.8,50.0,-1.6,-7.9,1.0,74260.0,1.0,6,0.0,0.0
23.9,1.7,9.5,2.3,0.0,58160.0,1.0,6,1.0,0.0
370.1,74.2,11.9,44.1,1.0,46180.0,0.0,5,0.0,1.0
5.8,0.5,-0.9,-0.1,1.0,59110.0,0.0,3,0.0,0.0
6.3,0.7,1.4,0.1,1.0,50110.0,0.0,4,0.0,0.0
66.0,6.5,1.2,0.8,1.0,46980.0,0.0,4,0.0,0.0
15.2,2.0,-1.1,-0.2,1.0,44980.0,0.0,4,0.0,0.0
57.3,5.2,2.0,1.1,1.0,45130.0,0.0,4,0.0,0.0
2.8,0.3,-10.2,-0.3,1.0,67670.0,0.0,4,0.0,0.0
151.4,13.2,3.8,5.7,0.0,104690.0,1.0,6,1.0,0.0
5.6,0.7,-7.3,-0.4,1.0,53900.0,0.0,4,0.0,0.0
3.2,0.2,3.4,0.1,0.0,77280.0,1.0,6,0.0,0.0
116.0,3.3,2.7,3.1,0.0,238380.0,0.0,1,0.0,0.0
12.4,1.1,-2.5,-0.3,0.0,58120.0,1.0,6,0.0,0.0
39.0,3.7,11.0,4.3,1.0,52080.0,0.0,3,0.0,0.0
3.9,0.3,6.0,0.2,0.0,48690.0,0.0,5,0.0,1.0
836.1,85.5,-1.3,-11.1,1.0,87980.0,1.0,6,0.0,0.0
504.8,71.7,-3.3,-16.8,0.0,35690.0,0.0,5,0.0,1.0
224.6,31.2,-5.0,-11.1,0.0,36150.0,0.0,5,0.0,1.0
25.7,2.3,2.0,0.5,0.0,80690.0,1.0,6,1.0,0.0
3796.0,904.3,6.1,233.2,0.0,30480.0,0.0,5,0.0,1.0
26.4,2.3,4.6,1.2,0.0,46940.0,0.0,4,0.0,0.0
18.6,2.1,4.2,0.8,1.0,45760.0,0.0,4,0.0,0.0
84.3,7.3,-15.9,-13.4,1.0,41270.0,0.0,5,0.0,1.0
43.5,3.6,4.0,1.7,0.0,70980.0,1.0,6,1.0,0.0
368.5,25.1,5.7,21.1,0.0,101350.0,1.0,6,1.0,0.0
38.9,4.0,1.4,0.5,1.0,52150.0,0.0,5,0.0,1.0
65.1,5.7,18.5,12.1,0.0,90400.0,0.0,3,1.0,0.0
868.6,74.6,14.8,128.8,0.0,161700.0,1.0,6,1.0,0.0
60.5,4.8,6.5,3.9,0.0,106000.0,1.0,6,1.0,0.0
137.1,10.3,3.1,4.3,0.0,80190.0,1.0,6,1.0,0.0
26.5,2.2,-1.2,-0.3,0.0,60560.0,0.0,3,1.0,0.0
14.7,1.5,3.8,0.6,0.0,78060.0,0.0,4,0.0,0.0
344.9,27.1,3.4,11.8,0.0,59530.0,0.0,3,0.0,0.0
921.6,74.4,5.3,49.0,1.0,78690.0,1.0,6,0.0,0.0
57.1,4.3,-2.8,-1.6,1.0,76310.0,1.0,6,0.0,0.0
123.3,13.4,6.3,7.8,1.0,46900.0,1.0,6,0.0,0.0
65.4,8.5,2.5,1.6,1.0,59330.0,1.0,6,0.0,0.0
97.2,6.5,3.4,3.4,0.0,92430.0,0.0,4,0.0,0.0
1215.0,183.9,6.0,73.0,1.0,42010.0,1.0,6,0.0,0.0
32.5,3.3,2.0,0.6,1.0,61590.0,1.0,6,0.0,0.0
269.8,33.0,2.5,6.7,1.0,47520.0,1.0,6,0.0,0.0
224.7,23.2,2.3,5.2,1.0,56170.0,1.0,6,0.0,0.0
617.5,52.4,3.1,19.1,1.0,78300.0,1.0,6,0.0,0.0
320.0,24.8,0.0,0.0,1.0,84130.0,1.0,6,0.0,0.0
1558.4,144.5,-0.3,-3.9,1.0,66140.0,1.0,6,0.0,0.0
149.1,16.3,6.7,10.0,1.0,47080.0,1.0,6,0.0,0.0
160.8,10.9,2.9,4.6,1.0,105980.0,0.0,4,0.0,0.0
698.6,67.7,1.2,8.3,1.0,71190.0,1.0,6,0.0,0.0
21.5,2.1,1.6,0.3,1.0,74960.0,1.0,6,0.0,0.0
1432.6,125.1,-5.0,-72.3,1.0,47320.0,1.0,6,0.0,0.0
71.9,7.0,2.7,1.9,1.0,58610.0,1.0,6,0.0,0.0
609.6,61.3,3.7,22.5,1.0,61890.0,1.0,6,0.0,0.0
7.0,0.5,-6.0,-0.4,0.0,68180.0,0.0,4,1.0,0.0
130.8,19.8,9.2,12.1,1.0,67130.0,0.0,4,0.0,0.0
33.7,2.7,9.5,3.2,0.0,54340.0,0.0,4,0.0,0.0
5.6,0.4,2.6,0.1,0.0,49150.0,0.0,4,0.0,0.0
43.8,5.1,-5.9,-2.6,1.0,36120.0,0.0,4,0.0,0.0
20.7,2.4,0.6,0.1,0.0,42730.0,0.0,4,0.0,0.0
173.5,24.2,6.9,11.9,1.0,40790.0,0.0,4,0.0,0.0
29.7,4.4,0.6,0.2,1.0,40550.0,0.0,4,0.0,0.0
90.5,14.6,6.4,5.8,0.0,34830.0,0.0,5,0.0,1.0
902.7,148.0,-3.4,-30.9,0.0,34220.0,0.0,5,0.0,1.0
58.7,6.5,5.3,3.1,0.0,38420.0,0.0,4,0.0,0.0
20.4,3.2,4.8,1.0,0.0,49430.0,0.0,4,0.0,0.0
15.2,1.2,6.5,1.0,0.0,85310.0,1.0,6,1.0,0.0
277.2,48.0,3.0,8.2,0.0,34460.0,0.0,5,0.0,1.0
352.8,42.0,6.4,22.6,1.0,65310.0,0.0,5,0.0,1.0
26.4,1.9,-0.2,0.0,0.0,77010.0,1.0,6,0.0,0.0
20.7,2.9,12.8,2.6,0.0,67440.0,0.0,4,1.0,0.0
33.8,3.9,-3.2,-1.1,0.0,54310.0,1.0,6,0.0,0.0
10.8,2.0,-4.7,-0.5,1.0,43680.0,0.0,4,0.0,0.0
2.9,0.3,14.6,0.4,1.0,52380.0,0.0,4,0.0,0.0
13.8,1.1,1.2,0.2,0.0,70660.0,1.0,6,1.0,0.0
1.6,0.1,4.0,0.1,0.0,100830.0,1.0,6,0.0,0.0
8.8,0.6,-18.9,-1.7,1.0,49240.0,0.0,4,0.0,0.0
12.7,0.9,-25.9,-3.3,1.0,45700.0,0.0,4,0.0,0.0
134.4,10.2,4.3,5.8,0.0,66490.0,1.0,6,1.0,0.0
45.7,3.6,4.2,1.9,0.0,123480.0,1.0,6,1.0,0.0
32.5,5.7,3.1,1.0,1.0,34610.0,0.0,5,0.0,1.0
32.1,2.6,4.1,1.3,0.0,76830.0,1.0,6,0.0,0.0
16.5,1.9,3.0,0.5,1.0,47010.0,0.0,4,0.0,0.0
20.5,2.0,-3.3,-0.7,1.0,42530.0,0.0,5,0.0,1.0
8.2,1.2,-6.1,-0.5,1.0,30460.0,0.0,5,0.0,1.0
14.1,1.3,-5.0,-0.7,1.0,36990.0,0.0,5,0.0,1.0
22.6,4.0,-6.4,-1.5,0.0,34810.0,0.0,5,0.0,1.0
88.7,14.1,-0.6,-0.6,1.0,33280.0,0.0,5,0.0,1.0
5.1,0.6,1.2,0.1,1.0,85580.0,1.0,6,0.0,0.0
16.1,2.6,-0.6,-0.1,1.0,34530.0,0.0,5,0.0,1.0
10.3,1.3,0.3,0.0,1.0,43900.0,0.0,4,0.0,0.0
5.4,0.6,-1.3,-0.1,1.0,71510.0,0.0,4,0.0,0.0
16.2,1.3,-8.8,-1.4,1.0,83400.0,0.0,3,0.0,0.0
3712.9,308.7,4.4,164.0,0.0,102950.0,1.0,6,1.0,0.0
73.2,2.1,3.3,2.4,0.0,236350.0,0.0,1,0.0,0.0
4.0,0.3,9.3,0.4,0.0,98910.0,1.0,6,0.0,0.0
1.5,0.1,-3.1,0.0,0.0,97200.0,1.0,6,1.0,0.0
4.0,0.3,3.3,0.1,0.0,86730.0,1.0,6,0.0,0.0
9.8,1.3,1.5,0.1,0.0,48390.0,0.0,4,0.0,0.0
25.1,2.0,3.2,0.8,0.0,99240.0,1.0,6,1.0,0.0
60.5,5.1,3.3,2.0,1.0,55440.0,0.0,2,0.0,0.0
38.9,5.1,-5.4,-2.1,0.0,35430.0,0.0,5,0.0,1.0
265.9,20.0,2.1,5.7,0.0,61300.0,1.0,6,1.0,0.0
11.8,0.8,-21.2,-2.5,0.0,41690.0,0.0,4,0.0,0.0
70.1,5.5,-12.0,-8.4,1.0,45190.0,0.0,4,0.0,0.0
14.1,1.9,2.4,0.3,0.0,43410.0,0.0,5,0.0,1.0
575.2,75.8,5.6,32.2,0.0,35250.0,1.0,6,0.0,0.0
51.3,5.0,1.0,0.5,1.0,48490.0,0.0,4,0.0,0.0
23.8,1.5,4.4,1.1,0.0,109660.0,1.0,6,1.0,0.0
71.8,7.9,4.5,3.2,0.0,63000.0,1.0,6,1.0,0.0
41.9,3.2,14.7,6.2,0.0,67310.0,1.0,6,0.0,0.0
289.6,27.4,17.3,50.1,0.0,105620.0,1.0,6,0.0,0.0
178.8,13.6,5.2,9.3,0.0,48790.0,1.0,6,0.0,0.0
41.3,2.4,2.0,0.8,0.0,113730.0,1.0,6,0.0,0.0
41.7,2.6,3.6,1.5,0.0,64030.0,1.0,6,0.0,0.0
193.2,18.4,7.7,14.8,0.0,68090.0,0.0,1,0.0,0.0
109.7,14.4,3.5,3.8,1.0,46050.0,1.0,6,0.0,0.0
10.7,1.0,18.4,2.0,1.0,61560.0,0.0,4,0.0,0.0
14.8,1.2,-12.8,-1.9,1.0,47450.0,0.0,4,0.0,0.0
425.2,40.1,8.1,34.5,0.0,59810.0,0.0,3,0.0,0.0
2235.1,237.6,4.0,89.3,0.0,57440.0,0.0,5,0.0,1.0
26.3,2.8,4.4,1.2,0.0,40760.0,0.0,5,0.0,1.0
16.1,1.4,-10.5,-1.7,0.0,46480.0,0.0,5,0.0,1.0
25.2,2.7,4.5,1.1,0.0,41600.0,0.0,5,0.0,1.0
66.6,6.8,0.2,0.1,1.0,39890.0,0.0,5,0.0,1.0
7.0,0.7,-1.7,-0.1,1.0,48400.0,0.0,4,0.0,0.0
98.7,11.8,2.3,2.2,1.0,38860.0,0.0,5,0.0,1.0
7.4,0.8,2.3,0.2,0.0,38140.0,0.0,5,0.0,1.0
45.3,4.9,4.9,2.2,1.0,39270.0,0.0,5,0.0,1.0
168.5,23.6,-8.9,-15.0,1.0,38220.0,0.0,5,0.0,1.0
5.2,0.6,5.7,0.3,0.0,40590.0,0.0,5,0.0,1.0
159.1,12.3,3.0,4.8,1.0,49070.0,0.0,4,0.0,0.0
3.4,0.3,2.2,0.1,0.0,74050.0,1.0,6,0.0,0.0
24.6,1.7,-0.2,-0.1,0.0,81500.0,1.0,6,0.0,0.0
2.7,0.3,-1.1,0.0,0.0,52310.0,0.0,5,0.0,1.0
37.3,3.1,2.6,1.0,1.0,49410.0,0.0,4,0.0,0.0
4347.7,765.8,17.0,739.8,1.0,34900.0,0.0,5,0.0,1.0
429.9,107.7,-1.5,-6.4,0.0,30380.0,0.0,5,0.0,1.0
264.2,43.6,3.7,9.9,1.0,34270.0,0.0,5,0.0,1.0
95.2,9.0,-7.1,-6.8,0.0,49440.0,1.0,6,0.0,0.0
221.9,17.9,5.0,11.1,0.0,140030.0,1.0,6,1.0,0.0
944.3,81.8,6.2,58.4,0.0,72910.0,1.0,6,1.0,0.0
3.1,0.4,-2.1,-0.1,0.0,58570.0,0.0,4,0.0,0.0
6.3,0.5,-0.1,0.0,0.0,92060.0,1.0,6,1.0,0.0
74.6,6.3,1.7,1.3,0.0,64790.0,1.0,6,0.0,0.0
351.1,25.2,11.0,38.5,0.0,101140.0,1.0,6,1.0,0.0
439.6,45.7,16.1,70.7,1.0,63760.0,0.0,3,0.0,0.0
241.9,17.1,1.9,4.6,0.0,121440.0,1.0,6,1.0,0.0
792.5,76.4,1.1,9.1,0.0,46390.0,0.0,5,0.0,1.0
5.6,0.4,6.3,0.3,0.0,109840.0,0.0,1,0.0,0.0
153.3,17.8,-0.2,-0.3,1.0,48360.0,0.0,5,0.0,1.0
182.8,16.0,28.5,52.1,0.0,124910.0,1.0,6,1.0,0.0
598.0,69.9,0.0,0.1,1.0,47460.0,0.0,4,0.0,0.0
221.2,21.5,2.4,5.4,1.0,48640.0,0.0,4,0.0,0.0
232.6,21.9,1.3,2.9,0.0,74720.0,1.0,6,0.0,0.0
40.2,3.4,3.8,1.5,0.0,48680.0,0.0,5,0.0,1.0
27.2,2.3,4.7,1.3,1.0,57250.0,0.0,2,0.0,0.0
9.2,0.5,-8.2,-0.8,0.0,76650.0,0.0,4,0.0,0.0
256.7,20.3,-3.7,-9.5,1.0,48450.0,0.0,4,0.0,0.0
568.8,47.0,3.7,21.1,1.0,60370.0,0.0,4,0.0,0.0
127.0,8.2,-2.6,-3.3,0.0,79880.0,0.0,4,1.0,0.0
87.1,7.8,3.2,2.8,0.0,63490.0,1.0,6,1.0,0.0
75.3,6.9,1.7,1.3,0.0,59440.0,1.0,6,1.0,0.0
164.3,15.8,-11.6,-19.1,1.0,43830.0,0.0,5,0.0,1.0
2447.7,351.3,2.0,47.8,0.0,35930.0,0.0,5,0.0,1.0
35.1,4.0,-5.5,-1.9,1.0,49140.0,0.0,3,0.0,0.0
27.3,0.9,2.5,0.7,0.0,156210.0,0.0,5,0.0,1.0
14.5,1.0,2.5,0.4,0.0,60400.0,1.0,6,0.0,0.0
117.2,12.8,-1.6,-1.9,0.0,61430.0,1.0,6,1.0,0.0
65.4,5.1,-0.1,-0.1,0.0,93500.0,1.0,6,1.0,0.0
2988.9,384.3,1.5,44.3,0.0,38940.0,0.0,5,0.0,1.0
21.8,1.7,3.5,0.8,0.0,79660.0,0.0,1,1.0,0.0
1192.5,158.2,3.6,42.4,0.0,38090.0,0.0,5,0.0,1.0
18.9,1.5,-13.6,-2.6,1.0,48620.0,0.0,4,0.0,0.0
202.6,31.9,5.4,10.9,0.0,33800.0,0.0,5,0.0,1.0
29.5,2.2,2.2,0.6,0.0,126650.0,1.0,6,0.0,0.0
864.8,31.5,4.1,35.9,0.0,151160.0,1.0,6,0.0,0.0
5.7,0.5,-5.4,-0.3,1.0,61870.0,0.0,4,0.0,0.0
156.3,19.6,-5.8,-9.0,1.0,54140.0,0.0,4,0.0,0.0
51.3,4.7,-1.2,-0.6,0.0,68760.0,1.0,6,0.0,0.0
27.7,2.2,3.4,0.9,0.0,44810.0,1.0,6,1.0,0.0
142.1,13.5,1.7,2.4,0.0,64320.0,1.0,6,0.0,0.0
84.5,12.8,-6.7,-5.6,1.0,36010.0,0.0,5,0.0,1.0
5.1,0.4,3.0,0.2,0.0,78630.0,1.0,6,0.0,0.0
78.6,13.0,-6.8,-5.4,0.0,39970.0,1.0,6,0.0,0.0
651.4,54.4,2.6,17.1,0.0,62340.0,1.0,6,0.0,0.0
7.8,0.4,3.7,0.3,0.0,87800.0,1.0,6,1.0,0.0
83.2,10.6,3.5,2.9,0.0,60130.0,1.0,6,0.0,0.0
149.7,42.7,5.8,8.7,0.0,33720.0,0.0,5,0.0,1.0
1079.8,120.2,7.3,78.9,1.0,44140.0,0.0,5,0.0,1.0
12.1,0.8,-4.6,-0.6,0.0,60560.0,0.0,5,0.0,1.0
6.4,0.5,-22.3,-1.4,0.0,68860.0,0.0,5,0.0,1.0
177.6,13.3,-2.3,-4.1,1.0,48950.0,0.0,5,0.0,1.0
301.4,20.3,1.7,5.0,0.0,74180.0,0.0,4,1.0,0.0
15.6,4.2,6.4,1.0,1.0,34800.0,0.0,5,0.0,1.0
18.8,1.7,-8.3,-1.6,1.0,50490.0,0.0,3,0.0,0.0
27.0,2.2,0.7,0.2,1.0,77400.0,0.0,4,0.0,0.0
52.0,5.4,3.4,1.8,1.0,68130.0,1.0,6,0.0,0.0
4.6,0.6,-0.7,0.0,1.0,46710.0,0.0,4,0.0,0.0
30.9,4.2,-1.4,-0.4,1.0,49210.0,0.0,4,0.0,0.0
3.1,0.4,-4.7,-0.1,1.0,52000.0,0.0,4,0.0,0.0
241.0,26.4,16.7,40.3,0.0,80880.0,1.0,6,1.0,0.0
46.5,4.7,-13.0,-6.0,0.0,39700.0,0.0,5,0.0,1.0
299.5,29.5,0.0,0.0,1.0,56150.0,0.0,3,0.0,0.0
44.1,2.6,7.1,3.1,0.0,88180.0,1.0,6,0.0,0.0
1356.8,193.5,0.4,6.0,0.0,34660.0,0.0,5,0.0,1.0
67.4,6.9,-6.6,-4.4,1.0,38150.0,0.0,5,0.0,1.0
1629.7,159.8,3.8,62.4,1.0,48620.0,0.0,4,0.0,0.0
57.5,4.8,-2.8,-1.6,1.0,60500.0,0.0,3,0.0,0.0
7.0,1.1,8.1,0.6,0.0,50280.0,1.0,6,0.0,0.0
1075.1,98.1,8.8,94.5,0.0,101190.0,1.0,6,1.0,0.0
1333.7,106.7,4.5,59.8,0.0,136550.0,1.0,6,1.0,0.0
210.1,24.8,7.0,14.7,0.0,34660.0,1.0,6,0.0,0.0
3.1,0.3,5.9,0.2,1.0,41080.0,0.0,5,0.0,1.0
8.5,0.6,5.8,0.5,0.0,105670.0,1.0,6,1.0,0.0
941.7,87.2,6.7,63.0,0.0,76950.0,1.0,6,1.0,0.0
407.0,34.3,6.6,26.7,0.0,161030.0,1.0,6,1.0,0.0
77.8,7.7,12.6,9.8,0.0,63780.0,0.0,1,0.0,0.0
168.0,24.7,15.4,25.9,0.0,57950.0,1.0,6,0.0,0.0
27.7,3.1,4.3,1.2,0.0,41690.0,0.0,5,0.0,1.0
23.0,1.5,5.7,1.3,0.0,108310.0,1.0,6,1.0,0.0
8.7,0.6,4.9,0.4,0.0,104160.0,1.0,6,1.0,0.0
5.0,0.3,4.0,0.2,0.0,71490.0,1.0,6,1.0,0.0
58.9,4.4,2.3,1.3,0.0,79350.0,1.0,6,0.0,0.0
2.4,0.1,-0.7,0.0,0.0,121680.0,1.0,6,0.0,0.0
146.8,18.4,5.5,8.1,0.0,37700.0,0.0,5,0.0,1.0
28.4,2.7,11.4,3.2,1.0,51050.0,0.0,4,0.0,0.0
42.9,3.3,-6.5,-2.8,0.0,68510.0,1.0,6,0.0,0.0
38.3,3.2,0.0,0.0,0.0,68730.0,1.0,6,0.0,0.0
293.1,18.1,9.1,26.5,0.0,102320.0,1.0,6,1.0,0.0
15.1,1.1,0.6,0.1,1.0,67190.0,0.0,5,0.0,1.0
34.3,3.0,2.7,0.9,1.0,71770.0,0.0,5,0.0,1.0
616.2,62.1,23.2,142.9,0.0,117960.0,1.0,6,1.0,0.0
12.0,1.5,3.7,0.4,1.0,47060.0,0.0,4,0.0,0.0
811.0,112.3,12.5,101.2,0.0,44200.0,1.0,6,0.0,0.0
4.8,0.2,3.5,0.2,0.0,138110.0,1.0,6,1.0,0.0
76.5,10.9,10.0,7.6,1.0,46490.0,0.0,4,0.0,0.0
68.0,7.3,12.9,8.8,0.0,62630.0,0.0,4,0.0,0.0
194.8,14.2,7.1,13.8,0.0,50250.0,1.0,6,0.0,0.0
165.3,9.6,8.7,14.3,0.0,100590.0,1.0,6,0.0,0.0
850.0,85.9,4.2,35.3,1.0,44640.0,0.0,4,0.0,0.0
43.9,7.4,-4.9,-2.2,0.0,37550.0,1.0,6,0.0,0.0
155.8,15.5,4.8,7.5,0.0,59440.0,1.0,6,1.0,0.0
136.8,13.5,9.7,13.3,0.0,60060.0,0.0,1,0.0,0.0
193.0,20.8,3.2,6.2,1.0,37350.0,0.0,5,0.0,1.0
20.4,1.7,-9.5,-1.9,1.0,42750.0,0.0,4,0.0,0.0
20.8,2.0,-2.3,-0.5,1.0,55770.0,0.0,4,0.0,0.0
20.1,1.3,-12.0,-2.4,1.0,49180.0,0.0,5,0.0,1.0
20.7,1.7,4.1,0.8,0.0,87330.0,1.0,6,1.0,0.0
633.7,40.5,-2.0,-12.4,0.0,62970.0,1.0,6,1.0,0.0
13.8,1.1,-14.4,-2.0,1.0,48310.0,0.0,4,0.0,0.0
41.3,3.6,0.0,0.0,1.0,65170.0,0.0,2,0.0,0.0
7.0,0.4,0.7,0.0,0.0,101020.0,1.0,6,1.0,0.0
1467.1,156.3,-0.1,-1.3,1.0,42210.0,0.0,4,0.0,0.0
35.0,3.1,3.5,1.2,1.0,48120.0,0.0,4,0.0,0.0
101.1,8.8,-6.8,-6.8,1.0,47680.0,0.0,4,0.0,0.0
188.7,16.5,5.8,10.9,1.0,63980.0,0.0,3,0.0,0.0
3.2,0.3,-18.2,-0.6,1.0,62700.0,0.0,4,0.0,0.0
0.9,0.1,-4.5,0.0,1.0,51850.0,0.0,4,0.0,0.0
6.7,1.2,-0.5,0.0,0.0,89990.0,1.0,6,0.0,0.0
41.7,5.5,6.2,2.6,1.0,45690.0,0.0,3,0.0,0.0
154.6,15.9,-3.8,-5.8,1.0,41230.0,0.0,4,0.0,0.0
27.5,3.2,3.1,0.8,0.0,49800.0,0.0,3,0.0,0.0
2.0,0.5,-3.7,-0.1,0.0,38180.0,0.0,5,0.0,1.0
79.3,11.1,6.0,4.7,0.0,36260.0,0.0,5,0.0,1.0
26.2,2.6,6.0,1.6,1.0,54950.0,0.0,3,0.0,0.0
2.7,0.3,1.4,0.0,0.0,51880.0,1.0,6,0.0,0.0
14.9,1.5,5.3,0.8,0.0,47200.0,0.0,5,0.0,1.0
131.0,12.8,-0.5,-0.7,1.0,46060.0,0.0,4,0.0,0.0
15.7,1.9,5.4,0.8,0.0,47460.0,1.0,6,1.0,0.0
47.3,4.3,-0.3,-0.1,0.0,63670.0,1.0,6,1.0,0.0
6.2,0.6,1.4,0.1,1.0,45320.0,0.0,2,0.0,0.0
104.3,8.5,3.7,3.9,0.0,161180.0,1.0,6,1.0,0.0
331.5,14.3,-4.2,-13.8,0.0,96800.0,1.0,6,1.0,0.0
38.9,2.3,-13.2,-5.2,1.0,46610.0,0.0,4,0.0,0.0
49.3,4.1,-3.9,-1.9,0.0,60280.0,1.0,6,1.0,0.0
15.4,0.8,-1.1,-0.2,0.0,127520.0,1.0,6,1.0,0.0
20.0,0.9,3.0,0.6,0.0,97020.0,1.0,6,0.0,0.0
5.7,0.4,-15.3,-0.9,1.0,122610.0,0.0,3,0.0,0.0
6.0,0.7,-7.7,-0.5,0.0,104240.0,0.0,4,0.0,0.0
53.8,2.7,8.6,4.6,0.0,223210.0,1.0,6,0.0,0.0
8.6,0.5,11.1,0.9,0.0,128790.0,1.0,6,0.0,0.0
320.4,29.5,40.1,128.4,0.0,129210.0,1.0,6,0.0,0.0
1441.5,204.1,2.3,32.6,0.0,39530.0,1.0,6,0.0,0.0
91.6,8.6,16.8,15.3,0.0,79940.0,1.0,6,0.0,0.0
131.9,14.9,12.5,16.5,0.0,83910.0,1.0,6,1.0,0.0
31.9,3.4,8.5,2.7,1.0,58440.0,0.0,4,0.0,0.0
160.0,10.2,13.8,22.1,0.0,98340.0,1.0,6,0.0,0.0
5.2,0.6,2.5,0.1,1.0,37370.0,0.0,5,0.0,1.0
49.2,7.2,19.2,9.5,0.0,68340.0,1.0,6,0.0,0.0
232.9,21.3,-7.8,-18.1,1.0,46040.0,0.0,5,0.0,1.0
2646.0,282.4,-6.7,-177.8,1.0,43630.0,0.0,5,0.0,1.0
25.5,2.8,-15.2,-3.9,1.0,39020.0,0.0,5,0.0,1.0
489.3,41.9,3.6,17.8,1.0,58710.0,0.0,4,0.0,0.0
112.1,9.6,21.5,24.1,0.0,91290.0,1.0,6,1.0,0.0
19.6,2.4,2.3,0.5,1.0,38420.0,0.0,4,0.0,0.0
78.8,12.5,19.8,15.6,0.0,44080.0,1.0,6,0.0,0.0
79.9,6.8,2.9,2.3,1.0,46560.0,0.0,3,0.0,0.0
47.8,2.4,8.0,3.8,0.0,134830.0,1.0,6,0.0,0.0
89.5,8.0,-17.2,-15.4,0.0,44660.0,0.0,5,0.0,1.0
54.0,7.8,3.3,1.8,1.0,37700.0,0.0,5,0.0,1.0
10.1,0.9,13.3,1.3,0.0,78310.0,0.0,1,0.0,0.0
36.9,3.5,2.5,0.9,1.0,46560.0,0.0,4,0.0,0.0
381.2,45.3,4.5,17.0,1.0,40900.0,0.0,4,0.0,0.0
591.8,74.0,-5.4,-32.2,0.0,35580.0,0.0,5,0.0,1.0
342.2,28.1,3.8,13.0,0.0,48660.0,0.0,4,0.0,0.0
8.8,0.8,1.4,0.1,0.0,40860.0,0.0,4,0.0,0.0
97.5,8.1,-6.3,-6.1,1.0,49390.0,0.0,4,0.0,0.0
2.3,0.2,5.3,0.1,0.0,48260.0,0.0,3,0.0,0.0
376.2,39.3,0.2,0.6,0.0,61010.0,1.0,6,0.0,0.0
101.9,4.9,5.0,5.1,0.0,58410.0,1.0,6,0.0,0.0
135.7,18.5,3.0,4.0,0.0,34600.0,0.0,5,0.0,1.0
8.4,0.7,-1.5,-0.1,1.0,47150.0,0.0,5,0.0,1.0
272.1,30.2,3.1,8.5,0.0,37440.0,0.0,4,0.0,0.0
25.6,4.1,4.7,1.2,1.0,37560.0,0.0,5,0.0,1.0
1.6,0.1,-24.4,-0.4,1.0,54540.0,0.0,4,0.0,0.0
0.5,0.0,-5.0,0.0,1.0,52520.0,0.0,4,0.0,0.0
47.0,4.0,3.2,1.5,1.0,51650.0,0.0,4,0.0,0.0
161.1,13.0,-16.7,-27.0,1.0,55290.0,0.0,4,0.0,0.0
46.4,1.2,0.8,0.4,0.0,210130.0,0.0,1,0.0,0.0
94.4,16.1,6.4,6.0,1.0,37900.0,0.0,5,0.0,1.0
326.0,24.1,9.6,31.2,0.0,102140.0,0.0,3,1.0,0.0
25.1,2.1,6.5,1.6,1.0,61340.0,1.0,6,0.0,0.0
102.4,13.4,4.9,5.1,1.0,44730.0,0.0,4,0.0,0.0
29.6,4.1,3.8,1.1,1.0,45200.0,0.0,4,0.0,0.0
19.6,1.2,1.3,0.2,0.0,141280.0,1.0,6,1.0,0.0
34.9,3.2,-2.8,-1.0,1.0,97540.0,0.0,4,0.0,0.0
335.1,14.2,4.6,15.4,0.0,137480.0,1.0,6,0.0,0.0
41.1,6.1,-0.1,-0.1,1.0,37000.0,0.0,5,0.0,1.0
490.4,49.0,6.4,31.5,1.0,43460.0,0.0,4,0.0,0.0
27.3,2.0,0.7,0.2,0.0,78050.0,1.0,6,0.0,0.0
139.7,18.4,5.6,7.9,0.0,43660.0,1.0,6,0.0,0.0
151.2,12.7,1.8,2.8,1.0,42520.0,0.0,4,0.0,0.0
11.2,1.5,-2.6,-0.3,1.0,40100.0,0.0,5,0.0,1.0
31.9,2.0,0.6,0.2,0.0,117960.0,1.0,6,1.0,0.0
45.6,6.6,2.8,1.3,1.0,34520.0,0.0,5,0.0,1.0
111.5,19.8,22.0,24.5,0.0,65510.0,1.0,6,0.0,0.0
267.2,13.2,10.9,29.3,0.0,101020.0,1.0,6,0.0,0.0
162.7,12.0,20.4,33.2,0.0,133260.0,1.0,6,0.0,0.0
24.6,1.7,4.0,1.0,0.0,166290.0,1.0,6,0.0,0.0
17.1,1.3,2.5,0.4,0.0,97360.0,1.0,6,0.0,0.0
3.2,0.3,4.3,0.1,1.0,70510.0,0.0,4,0.0,0.0
34.4,2.4,-4.1,-1.4,0.0,48710.0,0.0,5,0.0,1.0
16.3,1.6,1.6,0.3,1.0,61710.0,0.0,4,0.0,0.0
24.2,1.9,4.1,1.0,0.0,56020.0,0.0,3,0.0,0.0
31.7,2.5,-13.6,-4.3,1.0,41600.0,0.0,4,0.0,0.0
504.5,44.0,4.5,22.7,1.0,62970.0,0.0,2,0.0,0.0
9.7,0.3,1.8,0.2,0.0,152800.0,0.0,1,0.0,0.0
698.8,53.7,3.1,22.0,1.0,76290.0,0.0,4,0.0,0.0
21.8,1.6,2.0,0.4,0.0,94680.0,1.0,6,0.0,0.0
6.5,0.5,-3.1,-0.2,0.0,139380.0,1.0,6,0.0,0.0
74.2,6.1,-3.5,-2.6,0.0,61630.0,0.0,5,0.0,1.0
319.4,20.6,-3.5,-11.3,0.0,57490.0,0.0,5,0.0,1.0
106.4,7.8,-8.4,-8.9,0.0,56530.0,0.0,5,0.0,1.0
13.1,0.9,-3.5,-0.5,1.0,92730.0,0.0,4,0.0,0.0
183.4,13.5,1.8,3.4,0.0,78490.0,1.0,6,0.0,0.0
5.9,0.6,-4.7,-0.3,1.0,48940.0,0.0,4,0.0,0.0
9.3,0.8,-3.2,-0.3,1.0,107240.0,0.0,3,0.0,0.0
31.6,2.5,-11.2,-3.5,1.0,99670.0,0.0,3,0.0,0.0
10.8,1.0,2.0,0.2,1.0,67080.0,0.0,3,0.0,0.0
26.2,2.8,-14.6,-3.8,0.0,47300.0,1.0,6,0.0,0.0
555.1,65.5,4.1,22.9,0.0,37120.0,1.0,6,0.0,0.0
28.4,2.8,-13.5,-3.8,0.0,33880.0,0.0,5,0.0,1.0
35.8,2.8,-16.1,-5.8,1.0,39820.0,0.0,4,0.0,0.0
150.2,13.7,-8.1,-12.2,1.0,45160.0,0.0,4,0.0,0.0
43.6,3.9,6.0,2.6,1.0,52370.0,0.0,4,0.0,0.0
92.3,7.9,2.6,2.4,0.0,64520.0,0.0,4,1.0,0.0
61.9,4.6,-8.7,-5.4,1.0,48510.0,0.0,4,0.0,0.0
167.0,12.8,4.9,8.3,0.0,83480.0,1.0,6,1.0,0.0
292.8,31.6,0.5,1.5,1.0,38820.0,0.0,4,0.0,0.0
388.8,34.1,-1.8,-7.1,1.0,57770.0,0.0,4,0.0,0.0
1046.3,78.2,5.6,58.7,0.0,100750.0,1.0,6,1.0,0.0
12.0,1.9,-0.6,-0.1,0.0,49210.0,1.0,6,1.0,0.0
77.3,6.3,3.8,2.9,0.0,65420.0,0.0,3,1.0,0.0
466.1,39.0,3.6,17.0,1.0,66700.0,0.0,5,0.0,1.0
84.0,23.3,2.5,2.1,1.0,41600.0,0.0,5,0.0,1.0
38.5,5.3,-0.4,-0.1,1.0,41590.0,0.0,5,0.0,1.0
144.5,15.9,20.0,28.9,0.0,42590.0,0.0,5,0.0,1.0
55.3,3.9,4.3,2.4,0.0,117580.0,0.0,1,0.0,0.0
52.5,4.0,3.6,1.9,0.0,80330.0,1.0,6,0.0,0.0
83.2,6.6,5.0,4.1,0.0,138520.0,1.0,6,1.0,0.0
315.9,27.6,4.8,15.0,0.0,69780.0,1.0,6,1.0,0.0
105.2,10.7,3.5,3.6,1.0,50730.0,0.0,4,0.0,0.0
13.1,1.5,2.6,0.3,1.0,60020.0,0.0,4,0.0,0.0
83.5,6.4,3.1,2.6,0.0,139510.0,1.0,6,1.0,0.0
19.2,0.9,1.9,0.4,0.0,101990.0,1.0,6,0.0,0.0
11.7,1.2,8.6,1.0,0.0,64190.0,0.0,4,0.0,0.0
228.0,12.9,4.3,9.8,0.0,77660.0,1.0,6,0.0,0.0
17.9,1.5,2.8,0.5,1.0,65680.0,0.0,3,0.0,0.0
1.6,0.2,3.9,0.1,1.0,49330.0,0.0,4,0.0,0.0
3.1,0.2,0.3,0.0,1.0,58030.0,0.0,4,0.0,0.0
15.0,1.1,1.6,0.2,1.0,67370.0,0.0,4,0.0,0.0
11.0,1.0,1.0,0.1,1.0,65480.0,0.0,4,0.0,0.0
36.8,3.1,1.1,0.4,1.0,74080.0,0.0,4,0.0,0.0
111.3,9.7,3.3,3.7,1.0,72280.0,1.0,6,0.0,0.0
420.9,36.6,3.1,12.8,1.0,56320.0,0.0,4,0.0,0.0
1007.2,128.5,0.0,0.3,1.0,37230.0,0.0,5,0.0,1.0
15.4,1.1,2.4,0.4,0.0,75890.0,1.0,6,0.0,0.0
327.7,68.1,4.1,13.4,1.0,35380.0,0.0,5,0.0,1.0
16.1,1.3,3.3,0.5,0.0,60280.0,1.0,6,1.0,0.0
19.5,2.8,11.5,2.2,1.0,50540.0,0.0,3,0.0,0.0
1.1,0.1,-16.9,-0.2,1.0,58540.0,0.0,4,0.0,0.0
147.9,16.9,0.9,1.3,0.0,48350.0,0.0,5,0.0,1.0
3391.0,189.1,4.9,166.1,0.0,93600.0,1.0,6,1.0,0.0
91.9,10.0,1.4,1.3,0.0,46110.0,1.0,6,0.0,0.0
19.4,1.5,4.6,0.9,1.0,59280.0,0.0,2,0.0,0.0
88.4,11.1,0.6,0.6,0.0,45120.0,1.0,6,1.0,0.0
131.9,14.4,2.8,3.7,1.0,41460.0,0.0,5,0.0,1.0
91.2,17.4,3.8,3.5,1.0,39180.0,0.0,5,0.0,1.0
139.6,8.8,12.1,16.8,0.0,80450.0,1.0,6,0.0,0.0
3936.7,555.8,-0.5,-19.6,0.0,34580.0,0.0,5,0.0,1.0
24.6,2.5,3.2,0.8,1.0,62060.0,0.0,4,0.0,0.0
3.2,0.4,4.4,0.1,0.0,47460.0,0.0,5,0.0,1.0
22.5,1.9,-8.3,-1.9,1.0,48630.0,0.0,4,0.0,0.0
2.3,0.1,-34.2,-0.8,1.0,76640.0,0.0,4,0.0,0.0
166.7,12.7,5.9,9.8,0.0,50970.0,0.0,4,0.0,0.0
13.3,1.2,0.2,0.0,0.0,65010.0,0.0,4,0.0,0.0
46.0,4.3,2.5,1.1,0.0,47510.0,0.0,4,0.0,0.0
32.1,3.9,2.3,0.7,0.0,49610.0,0.0,4,0.0,0.0
122.6,16.0,3.7,4.5,1.0,46370.0,1.0,6,0.0,0.0
56.8,5.0,5.5,3.1,0.0,121520.0,0.0,4,1.0,0.0
619.5,49.0,4.7,29.0,0.0,138060.0,1.0,6,1.0,0.0
1226.7,123.0,3.1,37.9,1.0,66260.0,0.0,4,0.0,0.0
1310.5,114.8,0.3,4.4,1.0,66780.0,0.0,4,0.0,0.0
303.2,27.2,1.9,5.7,0.0,100070.0,0.0,4,1.0,0.0
45.0,4.8,-0.6,-0.3,1.0,39950.0,0.0,4,0.0,0.0
71.4,12.6,-2.7,-2.0,1.0,34980.0,0.0,5,0.0,1.0
67.2,3.8,0.7,0.5,0.0,86930.0,0.0,1,0.0,0.0
1094.5,66.2,-1.6,-17.8,0.0,64580.0,1.0,6,1.0,0.0
1944.0,202.8,-1.6,-30.8,1.0,46290.0,0.0,5,0.0,1.0
514.5,38.1,3.3,17.1,0.0,78140.0,0.0,4,1.0,0.0
85.9,9.4,10.4,8.9,1.0,59300.0,0.0,4,0.0,0.0
1262.1,161.0,0.4,5.1,1.0,38370.0,0.0,5,0.0,1.0
417.5,51.4,3.7,15.5,1.0,45590.0,1.0,6,0.0,0.0
31.9,3.9,10.9,3.5,1.0,51180.0,0.0,4,0.0,0.0
54.4,5.4,-4.3,-2.3,1.0,49500.0,0.0,4,0.0,0.0
30.4,2.9,7.6,2.3,1.0,49140.0,0.0,4,0.0,0.0
45.2,4.1,0.4,0.2,0.0,57980.0,0.0,4,0.0,0.0
31.3,2.5,2.3,0.7,0.0,66280.0,1.0,6,1.0,0.0
5.4,0.7,-7.0,-0.4,0.0,33760.0,0.0,4,0.0,0.0
124.0,13.0,-10.8,-13.3,0.0,36000.0,0.0,5,0.0,1.0
18.5,2.7,5.5,1.0,0.0,31470.0,0.0,5,0.0,1.0
127.0,10.6,2.4,3.1,1.0,60850.0,0.0,2,0.0,0.0
8.8,1.1,1.6,0.1,0.0,101320.0,1.0,6,0.0,0.0
862.2,69.3,-7.7,-66.3,1.0,43190.0,0.0,5,0.0,1.0
9.5,0.9,-3.8,-0.4,1.0,35950.0,0.0,4,0.0,0.0
4.1,0.4,-3.7,-0.2,1.0,38160.0,0.0,5,0.0,1.0
243.9,36.3,6.7,16.4,0.0,36670.0,0.0,5,0.0,1.0
8.7,0.8,1.7,0.1,1.0,83600.0,0.0,4,0.0,0.0
97.4,14.5,6.7,6.6,0.0,41560.0,1.0,6,0.0,0.0
69.6,8.4,2.2,1.5,0.0,39790.0,0.0,5,0.0,1.0
219.8,18.6,6.4,14.1,0.0,78240.0,1.0,6,1.0,0.0
449.6,50.6,6.4,28.9,1.0,45120.0,0.0,5,0.0,1.0
40.6,5.2,4.4,1.8,0.0,58040.0,1.0,6,1.0,0.0
20.7,1.5,1.7,0.4,0.0,75040.0,1.0,6,0.0,0.0
40.8,3.2,-1.7,-0.7,0.0,100340.0,1.0,6,1.0,0.0
17.1,1.3,2.3,0.4,0.0,76210.0,1.0,6,0.0,0.0
81.0,7.0,3.9,3.1,0.0,69480.0,1.0,6,1.0,0.0
3.4,0.3,3.6,0.1,0.0,101690.0,1.0,6,0.0,0.0
15.4,1.1,2.1,0.3,0.0,82540.0,1.0,6,0.0,0.0
1693.8,115.2,15.8,267.7,0.0,133080.0,1.0,6,1.0,0.0
201.7,14.0,10.0,20.2,0.0,102610.0,1.0,6,1.0,0.0
20.7,1.7,5.4,1.1,0.0,71410.0,1.0,6,1.0,0.0
28.6,4.1,42.1,12.0,1.0,51860.0,0.0,4,0.0,0.0
16.9,1.2,-1.7,-0.3,0.0,66430.0,0.0,5,0.0,1.0
41.0,2.9,1.1,0.4,0.0,67430.0,1.0,6,1.0,0.0
230.2,15.4,-1.8,-4.1,0.0,63000.0,1.0,6,1.0,0.0
94.8,6.3,-1.9,-1.8,0.0,64880.0,1.0,6,1.0,0.0
29.3,2.1,1.4,0.4,0.0,62190.0,1.0,6,1.0,0.0
164.2,11.1,-1.6,-2.6,0.0,69590.0,1.0,6,1.0,0.0
57.1,5.0,1.6,0.9,0.0,99800.0,1.0,6,1.0,0.0
187.4,13.3,15.0,28.2,0.0,95410.0,0.0,1,0.0,0.0
33.3,3.8,2.2,0.7,1.0,75190.0,0.0,3,0.0,0.0
6.5,0.8,-2.5,-0.2,0.0,51440.0,1.0,6,1.0,0.0
32.2,2.0,8.5,2.7,0.0,103300.0,1.0,6,0.0,0.0
2764.8,472.3,8.5,235.0,0.0,37090.0,0.0,5,0.0,1.0
12.1,0.8,-3.0,-0.4,1.0,51990.0,0.0,2,0.0,0.0
65.7,5.5,4.4,2.9,1.0,62700.0,0.0,2,0.0,0.0
53.8,4.1,-16.3,-8.8,1.0,49900.0,0.0,4,0.0,0.0
483.5,48.3,16.8,81.0,0.0,59190.0,0.0,1,0.0,0.0
510.1,61.1,1.6,8.4,0.0,38470.0,1.0,6,1.0,0.0
9.6,0.9,3.4,0.3,1.0,84830.0,0.0,4,0.0,0.0
25.3,1.6,5.1,1.3,0.0,60290.0,1.0,6,0.0,0.0
115.6,7.0,4.5,5.2,0.0,62830.0,1.0,6,0.0,0.0
8.8,0.7,-5.2,-0.5,0.0,63380.0,1.0,6,0.0,0.0
59.4,7.6,4.5,2.7,1.0,51940.0,0.0,4,0.0,0.0
56.1,3.9,4.4,2.5,0.0,72740.0,0.0,1,1.0,0.0
36.6,2.8,-26.3,-9.6,1.0,38370.0,0.0,5,0.0,1.0
38.8,5.0,-4.5,-1.7,0.0,40860.0,0.0,4,0.0,0.0
12.0,1.3,4.3,0.5,0.0,58070.0,0.0,5,0.0,1.0
15.6,1.1,0.1,0.0,0.0,64700.0,0.0,4,0.0,0.0
57.6,4.3,-1.8,-1.0,0.0,59740.0,0.0,4,1.0,0.0
90.6,10.4,4.5,4.1,1.0,50560.0,0.0,4,0.0,0.0
204.0,22.6,11.1,22.6,0.0,36220.0,0.0,5,0.0,1.0
153.8,18.0,-0.1,-0.2,0.0,64690.0,1.0,6,1.0,0.0
1422.8,170.4,-1.5,-21.1,0.0,35240.0,1.0,6,0.0,0.0
193.6,24.6,3.1,6.0,0.0,44930.0,1.0,6,1.0,0.0
56.4,4.5,0.9,0.5,0.0,91670.0,0.0,5,1.0,1.0
156.9,13.2,-4.2,-6.6,0.0,62630.0,0.0,4,0.0,0.0
99.9,8.9,-3.1,-3.1,1.0,70500.0,0.0,3,0.0,0.0
67.4,6.5,-22.1,-14.9,0.0,34410.0,0.0,5,0.0,1.0
4.0,0.3,-27.5,-1.1,1.0,39130.0,0.0,5,0.0,1.0
347.4,29.8,-12.9,-44.9,1.0,39340.0,0.0,5,0.0,1.0
1.5,0.1,-11.1,-0.2,1.0,57260.0,0.0,2,0.0,0.0
6.2,0.7,-10.1,-0.6,1.0,37320.0,0.0,5,0.0,1.0
9.3,1.0,-11.7,-1.1,1.0,37940.0,0.0,4,0.0,0.0
15.3,1.7,-11.2,-1.7,1.0,38260.0,0.0,5,0.0,1.0
21.7,2.5,-9.0,-1.9,1.0,37660.0,0.0,4,0.0,0.0
14.7,1.7,-9.4,-1.4,1.0,37010.0,0.0,5,0.0,1.0
56.1,4.1,11.5,6.4,0.0,65010.0,1.0,6,1.0,0.0
52.6,4.2,10.1,5.3,0.0,52240.0,0.0,3,0.0,0.0
0.2,0.0,-17.5,0.0,1.0,40790.0,0.0,4,0.0,0.0
20.9,2.5,2.3,0.5,1.0,55580.0,0.0,4,0.0,0.0
113.4,15.3,5.7,6.5,1.0,37120.0,0.0,5,0.0,1.0
57.4,5.4,2.0,1.1,1.0,54980.0,0.0,4,0.0,0.0
55.2,4.7,-10.8,-6.0,0.0,63180.0,0.0,3,0.0,0.0
5.8,0.5,-7.8,-0.5,1.0,48970.0,0.0,4,0.0,0.0
55.8,13.0,8.1,4.5,1.0,36660.0,0.0,4,0.0,0.0
7.9,0.8,3.7,0.3,1.0,58480.0,0.0,4,0.0,0.0
46.4,3.8,5.8,2.7,0.0,127090.0,1.0,6,1.0,0.0
452.3,43.9,10.8,48.7,0.0,65850.0,1.0,6,1.0,0.0
3.1,0.2,3.0,0.1,1.0,82320.0,0.0,4,0.0,0.0
25.7,2.5,1.7,0.4,1.0,85750.0,0.0,4,0.0,0.0
50.1,4.7,-6.0,-3.0,1.0,63360.0,0.0,5,0.0,1.0
11.5,1.2,3.8,0.4,1.0,39630.0,0.0,5,0.0,1.0
216.7,18.5,6.1,13.1,1.0,102010.0,1.0,6,0.0,0.0
65.7,7.1,2.2,1.4,1.0,48450.0,0.0,4,0.0,0.0
60.1,7.4,3.3,2.0,1.0,50430.0,0.0,5,0.0,1.0
215.5,37.1,0.6,1.3,0.0,40090.0,1.0,6,0.0,0.0
19.3,4.6,5.7,1.1,1.0,38820.0,0.0,4,0.0,0.0
3.6,0.4,-6.1,-0.2,0.0,67220.0,0.0,4,0.0,0.0
22.7,2.2,-1.8,-0.4,1.0,46190.0,0.0,4,0.0,0.0
44.7,3.4,3.4,1.5,0.0,83720.0,1.0,6,0.0,0.0
121.7,30.8,1.2,1.4,0.0,31150.0,0.0,5,0.0,1.0
86.4,3.0,9.6,8.3,0.0,125510.0,1.0,6,0.0,0.0
117.8,22.2,8.7,10.3,1.0,37320.0,0.0,5,0.0,1.0
134.2,14.3,9.1,12.2,0.0,45980.0,1.0,6,0.0,0.0
2329.7,456.7,-0.7,-16.3,0.0,33760.0,0.0,5,0.0,1.0
1.4,0.1,-1.1,0.0,1.0,60690.0,0.0,3,0.0,0.0
132.4,10.7,-6.5,-8.7,1.0,58260.0,0.0,3,0.0,0.0
128.9,9.1,7.0,9.0,0.0,98090.0,1.0,6,1.0,0.0
86.0,5.4,7.5,6.5,0.0,90930.0,1.0,6,1.0,0.0
49.8,5.3,-4.8,-2.4,1.0,45650.0,0.0,5,0.0,1.0
457.3,45.6,2.2,9.9,1.0,51000.0,0.0,4,0.0,0.0
38.9,3.2,-9.0,-3.5,1.0,47060.0,0.0,4,0.0,0.0
18.8,2.0,-4.7,-0.9,1.0,70010.0,0.0,4,0.0,0.0
13.6,2.3,49.9,6.8,0.0,62580.0,0.0,3,0.0,0.0
17.6,1.8,-4.4,-0.8,1.0,41220.0,0.0,4,0.0,0.0
63.1,6.4,-1.8,-1.1,1.0,40440.0,0.0,4,0.0,0.0
40.0,2.2,-36.1,-14.4,1.0,47850.0,0.0,5,0.0,1.0
135.4,13.4,3.6,4.9,0.0,72270.0,0.0,3,1.0,0.0
18.2,1.4,1.6,0.3,0.0,72860.0,1.0,6,1.0,0.0
