"Occupational Openings, 2024-2034 Annual Average","Employment Change, 2024-2034","Employment Percent Change, 2024-2034",Typical on-the-job Training_Short-term on-the-job training,Education Code,Typical Entry-Level Education_Bachelor's degree,Occupation Title_Registered nurses    * CCU Nurse* CNS* Clinical Nurse Specialist* Community Health Nurse* Coronary Care Unit Nurse* Emergency Room RN* Endoscopy Registered Nurse* Hospice Registered Nurse* Obstetrical Nurse* Oncology Registered Nurse* PACU Nurse* Pediatric Registered Nurse* Post-Anesthesia Care Unit Nurse* Psychiatric Nurse* RN* Triage Registered Nurse,"Employment 2024_3,391.0",Typical Entry-Level Education_High school diploma or equivalent,"Occupation Code_=""29-1141"""
1.5267425801337633,1.7187187910029345,0.3735088178196432,False,-0.9362331114766458,True,False,False,False,False
-0.30699329874233233,0.025765261377257875,2.622889715843142,False,-0.9362331114766458,True,False,False,False,False
-0.32957625291568327,-0.137068436892082,0.6612203280319512,False,-1.3641957844593295,False,False,False,False,False
-0.32355413180278964,-0.160330393787702,-0.09729183525504251,False,0.7756175804540889,False,False,False,True,False
-0.33559837402857684,-0.1654997175422842,-0.3196143658736441,True,-1.7921584574420133,False,False,False,False,False
0.006156999128133912,0.16275234087368667,0.3735088178196432,False,-0.9362331114766458,True,False,False,False,False
-0.2844103445689814,-0.30765612079329524,-2.019727835310009,False,-0.9362331114766458,True,False,False,False,False
-0.3115098895770025,-0.17842302692873976,-0.5157813046547631,False,-0.9362331114766458,True,False,False,False,False
-0.20311170954491803,-0.33350273956620635,-1.0650487332418968,False,0.7756175804540889,False,False,False,True,False
-0.32957625291568327,-0.14223776064666424,0.8312316749755877,False,-0.5082704384939621,False,False,False,False,False
-0.27537716289964104,-0.04918993306418429,0.5696757566007623,False,-0.9362331114766458,True,False,False,False,False
-0.3100043592987791,-0.11380647999646203,0.9096984504880352,False,-0.9362331114766458,True,False,False,False,False
-0.3416204951414704,-0.160330393787702,0.5435201647632798,False,-0.9362331114766458,True,False,False,False,False
-0.1850453462062373,-0.033681961800437636,0.7789204913006227,False,1.2035802534367726,False,False,False,False,False
-0.3100043592987791,-0.15774573191041089,-0.03190285566133615,False,-0.9362331114766458,True,False,False,False,False
-0.33108178319390663,-0.15257640815582865,0.30811983822593686,False,-1.7921584574420133,False,False,False,False,False
-0.29946564735121534,-0.14223776064666424,0.3342754300634194,False,-0.5082704384939621,False,False,False,False,False
-0.3205430712463429,-0.15774573191041089,0.07271951168859399,True,1.2035802534367726,False,False,False,False,False
-0.3100043592987791,-0.1551610700331198,-0.07113624341755997,False,-0.5082704384939621,False,False,False,False,False
-0.3265651923592364,-0.14999174627853756,0.4519755933320909,False,0.7756175804540889,False,False,False,True,False
-0.17300110398045013,-0.01817399053669099,0.2950420423071956,False,-0.08030776551127845,False,False,False,False,False
-0.27838822345608777,-0.12672978938291757,0.43889779741334956,True,0.7756175804540889,False,False,False,True,False
-0.3009711776294387,-0.2895634876522575,-2.1243502026599397,False,0.7756175804540889,False,False,False,True,False
-0.3190375409681195,-0.14482242252395533,0.32119763414467817,False,0.7756175804540889,False,False,False,True,False
-0.16697898286755655,-0.062113242450639844,0.2819642463884543,False,-0.9362331114766458,True,False,False,False,False
-0.32204860152456627,-0.16808437941957532,-0.39808114138609174,False,0.7756175804540889,False,False,False,True,False
1.1985369794810632,0.17826031213743332,0.21657526679474798,True,1.2035802534367726,False,False,False,False,False
-0.32355413180278964,-0.12672978938291757,0.19041967495726547,False,-1.7921584574420133,False,False,False,False,False
-0.32505966208101306,-0.15774573191041089,0.08579730760733527,True,0.7756175804540889,False,False,False,True,False
0.7799995621349591,1.067383997925575,1.3543435117252383,True,0.7756175804540889,False,False,False,True,False
-0.32355413180278964,-0.14999174627853756,0.2819642463884543,False,0.7756175804540889,False,False,False,True,False
-0.34011496486324705,-0.15774573191041089,0.5304423688445384,False,-0.9362331114766458,True,False,False,False,False
-0.23623337566583275,-0.10088317061000648,0.43889779741334956,False,0.7756175804540889,False,False,False,True,False
-0.33108178319390663,-0.1551610700331198,0.2558086545509718,False,-1.3641957844593295,False,False,False,False,False
-0.33559837402857684,-0.15774573191041089,0.12503069536355912,False,-1.7921584574420133,False,False,False,False,False
-0.3386094345850236,-0.15257640815582865,0.3342754300634194,False,-0.9362331114766458,True,False,False,False,False
-0.22569466371826896,-0.03885128555501986,0.2819642463884543,False,-0.9362331114766458,True,False,False,False,False
-0.19257299759735427,-0.04402060930960208,0.30811983822593686,False,-0.5082704384939621,False,False,False,False,False
-0.12482413507730147,0.043857894518295644,0.26888645046971305,False,-0.9362331114766458,True,False,False,False,False
-0.32957625291568327,-0.15774573191041089,0.033486123932370195,False,-1.7921584574420133,False,False,False,False,False
-0.3265651923592364,-0.15257640815582865,0.26888645046971305,False,-1.3641957844593295,False,False,False,False,False
-0.3265651923592364,-0.1551610700331198,0.08579730760733527,False,-1.7921584574420133,False,False,False,False,False
-0.15794580119821616,-0.015589328659399866,0.32119763414467817,False,-0.9362331114766458,True,False,False,False,False
-0.2076283003795882,-0.10863715624187982,-0.0057472638238536215,False,-1.3641957844593295,False,False,False,False,False
-0.32505966208101306,-0.160330393787702,-0.12344742709252504,False,1.2035802534367726,False,False,False,False,False
-0.3416204951414704,-0.16291505566499312,0.05964171576985276,False,-1.7921584574420133,False,False,False,False,False
-0.3115098895770025,-0.137068436892082,0.4912089810883147,False,1.2035802534367726,False,False,False,False,False
-0.30699329874233233,-0.06469790432793096,1.2235655525378257,False,-1.3641957844593295,False,False,False,False,False
-0.33258731347213005,-0.160330393787702,-0.13652522301126632,False,-0.9362331114766458,True,False,False,False,False
-0.32807072263745984,-0.15257640815582865,0.11195289944481783,False,-1.7921584574420133,False,False,False,False,False
-0.23322231510938593,-0.08279053746896871,0.2034974708760067,True,-0.08030776551127845,False,False,False,False,False
-0.33258731347213005,-0.12414512750562647,1.0143208178379655,False,-1.7921584574420133,False,False,False,False,False
-0.3039822381858855,-0.12156046562833536,0.6350647361944686,True,-0.08030776551127845,False,False,False,False,False
-0.12632966535552487,-0.1887616744379042,-0.35884775362986787,True,1.2035802534367726,False,False,False,False,False
-0.12331860479907808,-0.09054452310084204,-0.018825059742594873,False,0.7756175804540889,False,False,False,True,False
-0.32204860152456627,-0.14482242252395533,0.24273085863223054,False,0.7756175804540889,False,False,False,True,False
0.710745169336683,0.7055313351048197,0.32119763414467817,True,-0.08030776551127845,False,False,False,False,False
-0.3160264804116727,-0.11897580375104425,0.8443094708943288,False,-0.08030776551127845,False,False,False,False,False
-0.27387163262141767,-0.17583836505144865,-0.43731452914231556,True,0.7756175804540889,False,False,False,True,False
-0.3160264804116727,-0.17325370317415756,-0.5157813046547631,False,0.7756175804540889,False,False,False,True,False
0.25758055559144094,0.19893760715576222,0.5042867770070559,False,1.2035802534367726,False,False,False,False,False
-0.2166614820489286,-0.08279053746896871,0.30811983822593686,False,-0.08030776551127845,False,False,False,False,False
1.6080412151578265,0.9950134653614238,0.5435201647632798,True,1.2035802534367726,False,False,False,False,False
-0.3190375409681195,-0.17066904129686644,-0.5288591005735044,False,0.7756175804540889,False,False,False,True,False
-0.13686837730308865,-0.6152308841909373,-1.6012383659102887,False,0.7756175804540889,False,False,False,True,False
0.2922077519905791,-0.2120236313335242,-0.2803809781174203,False,0.7756175804540889,False,False,False,True,False
-0.29946564735121534,-0.10863715624187982,0.5304423688445384,False,-1.7921584574420133,False,False,False,False,False
-0.32355413180278964,-0.13448377501479092,0.4519755933320909,False,-0.9362331114766458,True,False,False,False,False
-0.2618273903956304,-0.03885128555501986,0.7266093076256576,False,-1.7921584574420133,False,False,False,False,False
-0.27086057206497083,-0.14223776064666424,-0.07113624341755997,False,-0.9362331114766458,True,False,False,False,False
-0.20612277010136484,-0.08795986122355094,0.22965306271348926,False,-0.9362331114766458,True,False,False,False,False
-0.33108178319390663,-0.16808437941957532,-0.5419368964922457,False,0.7756175804540889,False,False,False,True,False
2.2162754475600783,-2.600251205950509,-0.9865819577294488,False,0.34765490747140526,False,False,False,False,False
-0.2588163298391837,-0.10088317061000648,0.19041967495726547,False,0.7756175804540889,False,False,False,True,False
-0.3386094345850236,-0.1654997175422842,-0.6596370597609171,True,0.7756175804540889,False,False,False,True,False
-0.3084988290205557,-0.19651566006977753,-0.947348569973225,False,-0.9362331114766458,True,False,False,False,False
-0.3160264804116727,-0.18100768880603088,-0.5942480801672108,True,-0.5082704384939621,False,False,False,False,False
-0.2813992840125346,-0.26371686887934637,-1.470460406722876,False,0.7756175804540889,False,False,False,True,False
-0.29645458679476855,-0.14999174627853756,-0.09729183525504251,False,-0.9362331114766458,True,False,False,False,False
-0.3039822381858855,-0.14999174627853756,0.09887510352607655,True,1.2035802534367726,False,False,False,False,False
0.05583949830950597,0.038688570763713424,0.08579730760733527,False,0.7756175804540889,False,False,False,True,False
0.5752474442965775,-0.13965309876937312,-0.20191420260497267,True,0.7756175804540889,False,False,False,True,False
-0.028470197271004194,0.012841951990802328,0.3342754300634194,False,0.7756175804540889,False,False,False,True,False
1.28585773561802,0.7753172057916795,0.1642640831197829,False,-0.9362331114766458,True,False,False,False,False
-0.22117807288359878,-0.013004666782108766,0.5173645729257973,False,-1.7921584574420133,False,False,False,False,False
-0.08869140839994001,-0.12672978938291757,-0.09729183525504251,False,1.2035802534367726,False,False,False,False,False
0.4427607798129186,0.6150681693996308,0.5304423688445384,False,-0.9362331114766458,True,False,False,False,False
-0.22117807288359878,-0.19910032194706864,-0.43731452914231556,False,0.7756175804540889,False,False,False,True,False
-0.32204860152456627,-0.14482242252395533,0.38658661373838454,False,-0.5082704384939621,False,False,False,False,False
-0.34011496486324705,-0.17066904129686644,-2.202816978172387,False,0.7756175804540889,False,False,False,True,False
-0.29946564735121534,-0.15257640815582865,-0.07113624341755997,False,-0.9362331114766458,True,False,False,False,False
-0.27838822345608777,-0.15774573191041089,-0.16268081484874886,False,-0.08030776551127845,False,False,False,False,False
-0.3340928437503534,-0.14223776064666424,0.30811983822593686,False,-1.7921584574420133,False,False,False,False,False
-0.28591587484720477,-0.11380647999646203,0.1642640831197829,False,-0.5082704384939621,False,False,False,False,False
-0.32957625291568327,-0.17066904129686644,-0.48962571281728057,False,-0.9362331114766458,True,False,False,False,False
-0.210639360936035,-0.14223776064666424,-0.13652522301126632,False,-0.9362331114766458,True,False,False,False,False
-0.24978314816984332,-0.2120236313335242,-0.46347012097979806,False,-0.9362331114766458,True,False,False,False,False
-0.210639360936035,0.059365865782042296,0.8835428586505528,True,0.7756175804540889,False,False,False,True,False
0.7724719107438421,0.9510742134474752,0.360431021900902,False,0.7756175804540889,False,False,False,True,False
-0.3265651923592364,-0.2120236313335242,-1.4835382026416173,True,1.2035802534367726,False,False,False,False,False
-0.32807072263745984,-0.13965309876937312,0.6089091443569862,False,-0.9362331114766458,True,False,False,False,False
7.825881264220449,-8.268414702849913,-1.5227715903978412,True,1.2035802534367726,False,False,False,False,False
-0.12783519563374826,-0.06469790432793096,0.007330532094887661,False,1.2035802534367726,False,False,False,False,False
0.024223362466814644,0.19893760715576222,0.700453715788175,False,0.7756175804540889,False,False,False,True,False
-0.3265651923592364,-0.14740708440124647,0.11195289944481783,False,-0.9362331114766458,True,False,False,False,False
-0.12632966535552487,-0.051774594941475405,0.2034974708760067,False,0.7756175804540889,False,False,False,True,False
-0.3190375409681195,-0.1913463363151953,-1.0258153454856727,False,0.7756175804540889,False,False,False,True,False
-0.24225549677872632,-0.10863715624187982,0.2558086545509718,False,-0.5082704384939621,False,False,False,False,False
-0.31452095013344933,-0.14740708440124647,0.05964171576985276,False,-1.7921584574420133,False,False,False,False,False
-0.2482776178916199,-0.051774594941475405,0.4127422055758671,False,-0.9362331114766458,True,False,False,False,False
-0.008898303654100041,0.18084497401472446,0.3342754300634194,False,-0.9362331114766458,True,False,False,False,False
0.185315102236718,0.18342963589201558,0.21657526679474798,False,-0.9362331114766458,True,False,False,False,False
2.0687334802941857,-0.9176363238339971,-0.6073258760859521,True,0.7756175804540889,False,False,False,True,False
-0.3009711776294387,-0.02334331429127319,1.0143208178379655,False,-1.7921584574420133,False,False,False,False,False
-0.33258731347213005,-0.1551610700331198,0.5696757566007623,False,0.7756175804540889,False,False,False,True,False
-0.26032186011740704,-0.12672978938291757,0.046563919851111475,False,-0.5082704384939621,False,False,False,False,False
0.012179120241027526,0.3152473916338621,0.42582000149460836,False,-0.9362331114766458,True,False,False,False,False
-0.025459136714557358,-0.633323517331975,-0.8950373862982599,False,0.7756175804540889,False,False,False,True,False
0.5029819909418545,0.2506308447015844,0.2819642463884543,True,1.2035802534367726,False,False,False,False,False
-0.3190375409681195,-0.14999174627853756,0.24273085863223054,False,0.7756175804540889,False,False,False,True,False
0.0031459385716871317,-0.09571384685542426,-0.09729183525504251,False,-0.9362331114766458,True,False,False,False,False
-0.27086057206497083,0.05678120390475119,1.2366433484565669,False,-1.7921584574420133,False,False,False,False,False
-0.0028761825412064283,-0.007835343027526543,-0.0057472638238536215,False,-0.9362331114766458,True,False,False,False,False
0.28618563087768545,0.34109401040677323,0.6089091443569862,False,-0.9362331114766458,True,False,False,False,False
-0.10525224146039733,-0.1318991131374998,-0.13652522301126632,False,0.7756175804540889,False,False,False,True,False
-0.32505966208101306,-0.18359235068332197,-1.0519709373231552,False,0.7756175804540889,False,False,False,True,False
-0.290432465681875,-0.18617701256061311,-0.6073258760859521,True,0.7756175804540889,False,False,False,True,False
-0.3054877684641089,-0.137068436892082,0.19041967495726547,False,-0.9362331114766458,True,False,False,False,False
-0.33710390430680026,-0.15257640815582865,0.8835428586505528,False,-0.08030776551127845,False,False,False,False,False
-0.24376102705694974,-0.09054452310084204,0.43889779741334956,False,-0.08030776551127845,False,False,False,False,False
-0.3416204951414704,-0.16291505566499312,0.09887510352607655,True,0.7756175804540889,False,False,False,True,False
-0.3024767079076621,-0.14223776064666424,0.046563919851111475,False,-1.7921584574420133,False,False,False,False,False
-0.145901558972429,-0.02075865241398209,0.3735088178196432,False,-0.9362331114766458,True,False,False,False,False
-0.22569466371826896,0.028349923254549,1.2497211443753082,True,0.7756175804540889,False,False,False,True,False
-0.3205430712463429,-0.16291505566499312,-0.20191420260497267,False,-0.9362331114766458,True,False,False,False,False
-0.2151559517707052,-0.01817399053669099,0.4650533892508321,False,-0.9362331114766458,True,False,False,False,False
0.15821555722869682,0.15499835524181338,0.1642640831197829,False,-0.9362331114766458,True,False,False,False,False
-0.2949490565165452,0.04127323264100455,2.348256001549575,False,-1.3641957844593295,False,False,False,False,False
0.493948809272514,2.463101411662774,1.7597551852062177,False,-0.9362331114766458,True,False,False,False,False
-0.27236610234319425,-0.01817399053669099,0.7266093076256576,False,-0.9362331114766458,True,False,False,False,False
-0.17450663425867355,0.3902025860753043,1.328187919887756,False,-0.9362331114766458,True,False,False,False,False
-0.19859511871024785,-0.09054452310084204,0.007330532094887661,False,-0.5082704384939621,False,False,False,False,False
-0.13987943785953544,-0.6540008123503039,-1.6273939577477712,False,0.7756175804540889,False,False,False,True,False
-0.29645458679476855,-0.06986722808251317,1.4458880831564274,False,-0.08030776551127845,False,False,False,False,False
0.12810495166422897,0.832179767092084,0.8443094708943288,False,-0.9362331114766458,True,False,False,False,False
-0.26032186011740704,-0.349010710829953,-1.0127375495669313,False,-0.9362331114766458,True,False,False,False,False
-0.290432465681875,-0.10088317061000648,0.4650533892508321,False,-1.7921584574420133,False,False,False,False,False
0.17176532973270744,1.0131060985024616,0.9096984504880352,False,-0.9362331114766458,True,False,False,False,False
0.27113032809545146,-0.8607737625335927,-0.7119482434358823,False,0.34765490747140526,False,False,False,False,False
-0.22870572427471578,-0.18100768880603088,-0.3457699577111267,True,0.34765490747140526,False,False,False,False,False
-0.2407499665005029,-0.13448377501479092,0.07271951168859399,False,0.7756175804540889,False,False,False,True,False
-0.3054877684641089,-0.137068436892082,0.21657526679474798,False,-0.9362331114766458,True,False,False,False,False
-0.12030754424263128,-0.19393099819248644,-0.33269216179238537,False,0.7756175804540889,False,False,False,True,False
1.6050301546013799,2.5897498436500386,0.7266093076256576,True,1.2035802534367726,False,False,False,False,False
0.3614621447888552,1.0803073073120306,0.9096984504880352,False,-0.9362331114766458,True,False,False,False,False
-0.3190375409681195,-0.160330393787702,-0.1496030189300076,False,1.2035802534367726,False,False,False,False,False
-0.2844103445689814,-0.14740708440124647,-0.058058447498818694,False,0.7756175804540889,False,False,False,True,False
-0.3039822381858855,-0.1887616744379042,-0.6727148556796584,True,1.2035802534367726,False,False,False,False,False
-0.2874214051254282,-0.12931445126020868,0.4912089810883147,False,1.2035802534367726,False,False,False,False,False
0.8929143330017137,-2.496864730858865,-1.9935722434725267,True,1.2035802534367726,False,False,False,False,False
0.7062285785020129,0.07745849892308009,0.033486123932370195,True,1.2035802534367726,False,False,False,False,False
-0.26333292067385383,-0.11897580375104425,0.43889779741334956,False,-0.08030776551127845,False,False,False,False,False
3.431238382086358,5.445801218056714,1.720521797449994,False,1.2035802534367726,False,False,False,False,False
-0.03298678810567433,-0.38002665335744634,-0.9604263658919663,True,1.2035802534367726,False,False,False,False,False
-0.33108178319390663,-0.14999174627853756,0.7135315117069163,False,0.7756175804540889,False,False,False,True,False
0.11003858832554822,-0.940898280729617,-1.2481378761042743,False,0.7756175804540889,False,False,False,True,False
-0.33258731347213005,-0.17325370317415756,-0.9604263658919663,True,0.7756175804540889,False,False,False,True,False
-0.08869140839994001,-0.40328861025306634,-0.7773372230295885,False,-0.9362331114766458,True,False,False,False,False
-0.3160264804116727,-0.15257640815582865,0.5435201647632798,True,0.7756175804540889,False,False,False,True,False
-0.23171678483116254,0.06195052765933339,1.4197324913189446,False,-1.3641957844593295,False,False,False,False,False
0.3479123722848447,0.17567565026014223,0.19041967495726547,True,1.2035802534367726,False,False,False,False,False
0.07691692220463349,0.36435596730239317,0.8443094708943288,True,0.7756175804540889,False,False,False,True,False
-0.3175320106898961,-0.16291505566499312,-0.26730318219867905,True,-0.08030776551127845,False,False,False,False,False
-0.06460292394836566,-0.02075865241398209,0.1642640831197829,False,0.7756175804540889,False,False,False,True,False
-0.32807072263745984,-0.15774573191041089,0.046563919851111475,False,1.2035802534367726,False,False,False,False,False
-0.28591587484720477,-0.12931445126020868,0.1642640831197829,False,0.7756175804540889,False,False,False,True,False
-0.2874214051254282,-0.2404549119837264,-0.8034928148670711,False,-0.9362331114766458,True,False,False,False,False
-0.32807072263745984,-0.18100768880603088,-1.038893141404414,False,0.7756175804540889,False,False,False,True,False
-0.3100043592987791,-0.13448377501479092,0.2034974708760067,False,-0.9362331114766458,True,False,False,False,False
-0.3340928437503534,-0.160330393787702,0.2034974708760067,True,0.7756175804540889,False,False,False,True,False
-0.32505966208101306,-0.1551610700331198,0.033486123932370195,False,-1.7921584574420133,False,False,False,False,False
-0.07213057533948264,-0.0776212137143865,0.24273085863223054,True,1.2035802534367726,False,False,False,False,False
-0.3024767079076621,-0.18100768880603088,-0.5550146924109869,False,0.7756175804540889,False,False,False,True,False
-0.3160264804116727,-0.13448377501479092,0.6873759198694337,False,-1.3641957844593295,False,False,False,False,False
4.801270935269648,-4.135540361061428,-0.947348569973225,True,0.7756175804540889,False,False,False,True,False
-0.3340928437503534,-0.19651566006977753,-2.5951508557346252,True,1.2035802534367726,False,False,False,False,False
-0.26333292067385383,-0.1913463363151953,-0.5288591005735044,False,0.7756175804540889,False,False,False,True,False
-0.12632966535552487,-0.7082787117734173,-1.810483100610149,False,0.7756175804540889,False,False,False,True,False
-0.20010064898847124,-1.1114859646308304,-3.615218937396444,True,0.7756175804540889,False,False,False,True,False
0.009168059684580692,1.9694309931001721,4.15299183833587,False,-0.9362331114766458,True,False,False,False,False
-0.28591587484720477,-0.17583836505144865,-0.3196143658736441,False,-0.9362331114766458,True,False,False,False,False
-0.282904814290758,-0.013004666782108766,0.9096984504880352,False,-0.9362331114766458,True,False,False,False,False
-0.13235178646841844,-0.1654997175422842,-0.24114759036119648,True,1.2035802534367726,False,False,False,False,False
0.45329949176048234,0.46774244239403756,0.6089091443569862,False,-0.08030776551127845,False,False,False,False,False
-0.1127798928515143,0.23770753531512887,0.6873759198694337,False,-0.5082704384939621,False,False,False,False,False
-0.2844103445689814,-0.20426964570165085,-0.8427262026232949,False,0.7756175804540889,False,False,False,True,False
-0.34011496486324705,-0.16291505566499312,-0.1888364066862314,False,-1.7921584574420133,False,False,False,False,False
-0.2844103445689814,-0.02334331429127319,0.30811983822593686,False,-1.7921584574420133,False,False,False,False,False
-0.33710390430680026,-0.14482242252395533,0.6089091443569862,False,-1.7921584574420133,False,False,False,False,False
-0.32807072263745984,-0.160330393787702,-0.16268081484874886,True,1.2035802534367726,False,False,False,False,False
-0.3100043592987791,-0.14740708440124647,0.033486123932370195,False,-0.9362331114766458,True,False,False,False,False
-0.33710390430680026,-0.17842302692873976,-1.8497164883663728,True,-0.5082704384939621,False,False,False,False,False
-0.22569466371826896,-0.18359235068332197,-0.3196143658736441,False,0.7756175804540889,False,False,False,True,False
-0.2558052692827369,0.13949038397806668,1.4720436749939099,False,-0.5082704384939621,False,False,False,False,False
-0.282904814290758,-0.14223776064666424,0.09887510352607655,False,-0.5082704384939621,False,False,False,False,False
-0.24978314816984332,-0.033681961800437636,0.4912089810883147,False,-0.9362331114766458,True,False,False,False,False
1.156382131690808,0.6926080257183641,0.5958313484382448,True,1.2035802534367726,False,False,False,False,False
-0.13536284702486523,-0.08795986122355094,0.046563919851111475,False,-0.9362331114766458,True,False,False,False,False
0.8131212282558739,-0.13965309876937312,-0.20191420260497267,True,1.2035802534367726,False,False,False,False,False
-0.06460292394836566,-0.2171929550881064,-0.3457699577111267,False,0.7756175804540889,False,False,False,True,False
-0.3024767079076621,-0.22753160259727084,-1.5358493863165823,True,1.2035802534367726,False,False,False,False,False
-0.32355413180278964,-0.19393099819248644,-1.130437712835603,False,-0.5082704384939621,False,False,False,False,False
-0.3416204951414704,-0.16291505566499312,-0.07113624341755997,False,0.7756175804540889,False,False,False,True,False
-0.33710390430680026,-0.1887616744379042,-2.7913177945157446,False,0.7756175804540889,False,False,False,True,False
0.429211007308908,0.8657803714968683,0.9227762464067767,True,0.7756175804540889,False,False,False,True,False
-0.22720019399649238,-0.051774594941475405,0.32119763414467817,False,1.2035802534367726,False,False,False,False,False
-0.3175320106898961,-0.14999174627853756,0.15118628720104163,False,0.7756175804540889,False,False,False,True,False
-0.32505966208101306,-0.1551610700331198,0.046563919851111475,False,-1.7921584574420133,False,False,False,False,False
-0.32957625291568327,-0.15774573191041089,-0.07113624341755997,False,-1.3641957844593295,False,False,False,False,False
-0.19558405815380106,-0.14482242252395533,-0.1496030189300076,False,-0.9362331114766458,True,False,False,False,False
-0.2813992840125346,-0.12414512750562647,0.09887510352607655,False,-0.9362331114766458,True,False,False,False,False
-0.029975727549227556,-0.2947328114068397,-0.42423673322357425,False,-1.3641957844593295,False,False,False,False,False
-0.11579095340796111,-0.059528580573348734,-0.0057472638238536215,False,-1.3641957844593295,False,False,False,False,False
-0.26032186011740704,-0.22236227884268864,-0.5550146924109869,False,-0.9362331114766458,True,False,False,False,False
-0.2588163298391837,-0.12156046562833536,0.046563919851111475,False,-1.7921584574420133,False,False,False,False,False
-0.15493474064176938,-0.11122181811917092,-0.03190285566133615,False,-0.9362331114766458,True,False,False,False,False
0.12358836082955876,0.18084497401472446,0.22965306271348926,False,-1.3641957844593295,False,False,False,False,False
-0.3175320106898961,-0.14740708440124647,0.21657526679474798,False,0.7756175804540889,False,False,False,True,False
-0.2166614820489286,-0.14740708440124647,-0.1496030189300076,False,-0.5082704384939621,False,False,False,False,False
-0.3175320106898961,-0.19393099819248644,-0.9604263658919663,False,-0.5082704384939621,False,False,False,False,False
-0.3340928437503534,-0.15257640815582865,0.5696757566007623,False,-0.08030776551127845,False,False,False,False,False
-0.27236610234319425,-0.17583836505144865,-0.33269216179238537,False,-0.08030776551127845,False,False,False,False,False
-0.3130154198552259,-0.12931445126020868,0.4912089810883147,False,-0.08030776551127845,False,False,False,False,False
-0.16697898286755655,0.19376828340118002,0.7135315117069163,False,-0.9362331114766458,True,False,False,False,False
-0.18203428564979052,0.0541965420274601,0.6350647361944686,False,0.7756175804540889,False,False,False,True,False
0.10251093693443125,0.1446597077326489,0.3735088178196432,False,0.7756175804540889,False,False,False,True,False
0.8763534999412566,1.8376132373583256,1.0143208178379655,False,0.7756175804540889,False,False,False,True,False
-0.32355413180278964,-0.15774573191041089,-0.08421403933630123,False,-0.5082704384939621,False,False,False,False,False
-0.3340928437503534,-0.19910032194706864,-2.006650039391268,False,0.7756175804540889,False,False,False,True,False
-0.25731079956096026,-0.007835343027526543,0.5827535525195036,False,-0.9362331114766458,True,False,False,False,False
1.026906527763596,-0.8840357194292126,-0.48962571281728057,False,-0.9362331114766458,True,False,False,False,False
-0.3130154198552259,-0.1318991131374998,0.42582000149460836,False,0.7756175804540889,False,False,False,True,False
-0.13235178646841844,-0.11897580375104425,-0.09729183525504251,False,0.7756175804540889,False,False,False,True,False
-0.3340928437503534,-0.16291505566499312,-0.058058447498818694,False,-0.5082704384939621,False,False,False,False,False
-0.32807072263745984,-0.15257640815582865,0.1642640831197829,False,-0.9362331114766458,True,False,False,False,False
-0.13084625619019508,0.07487383704578894,0.43889779741334956,False,-0.08030776551127845,False,False,False,False,False
-0.32807072263745984,-0.137068436892082,0.12503069536355912,False,-1.7921584574420133,False,False,False,False,False
-0.3009711776294387,-0.372272667725573,-2.9874847332968635,False,0.7756175804540889,False,False,False,True,False
-0.2813992840125346,-0.05694391869605763,0.8312316749755877,False,-1.7921584574420133,False,False,False,False,False
-0.25731079956096026,-0.137068436892082,-0.03190285566133615,False,-0.5082704384939621,False,False,False,False,False
-0.20311170954491803,-0.0776212137143865,0.046563919851111475,False,-0.9362331114766458,True,False,False,False,False
-0.2663439812303007,-0.16291505566499312,-0.2280697944424552,False,-1.7921584574420133,False,False,False,False,False
-0.26032186011740704,-0.0776212137143865,0.7789204913006227,False,-0.9362331114766458,True,False,False,False,False
-0.3100043592987791,-0.1551610700331198,0.24273085863223054,True,0.7756175804540889,False,False,False,True,False
-0.3265651923592364,-0.160330393787702,-0.07113624341755997,False,-0.5082704384939621,False,False,False,False,False
-0.29796011707299197,-0.12414512750562647,0.2819642463884543,False,-0.9362331114766458,True,False,False,False,False
-0.2588163298391837,-0.12156046562833536,0.2950420423071956,False,-0.5082704384939621,False,False,False,False,False
-0.33258731347213005,-0.1551610700331198,0.15118628720104163,False,-1.7921584574420133,False,False,False,False,False
-0.2151559517707052,-0.059528580573348734,0.3473532259821608,False,-0.9362331114766458,True,False,False,False,False
-0.33108178319390663,-0.11122181811917092,1.8905331443936304,False,-1.3641957844593295,False,False,False,False,False
-0.32957625291568327,-0.1654997175422842,-0.3196143658736441,False,0.7756175804540889,False,False,False,True,False
-0.29645458679476855,-0.1654997175422842,-0.2803809781174203,False,0.7756175804540889,False,False,False,True,False
0.4096391136920039,-0.36710334397099076,-0.43731452914231556,False,0.7756175804540889,False,False,False,True,False
-0.3175320106898961,-0.1034678324872976,1.0143208178379655,False,-0.9362331114766458,True,False,False,False,False
0.7739774410220657,0.9769208322203863,1.328187919887756,True,0.7756175804540889,False,False,False,True,False
-0.33559837402857684,-0.1654997175422842,-0.3457699577111267,False,0.7756175804540889,False,False,False,True,False
-0.33258731347213005,-0.160330393787702,-0.04498065158007744,False,0.7756175804540889,False,False,False,True,False
-0.2452665573351731,-0.14223776064666424,-0.07113624341755997,False,0.7756175804540889,False,False,False,True,False
-0.3130154198552259,-0.16808437941957532,-0.37192554954860924,False,0.7756175804540889,False,False,False,True,False
-0.26483845095207725,-0.13448377501479092,0.033486123932370195,False,0.7756175804540889,False,False,False,True,False
-0.3386094345850236,-0.17066904129686644,-1.5620049781540648,False,0.7756175804540889,False,False,False,True,False
-0.14439602869420562,-0.015589328659399866,0.26888645046971305,False,-0.9362331114766458,True,False,False,False,False
-0.33258731347213005,-0.17325370317415756,-1.182748896510568,False,0.7756175804540889,False,False,False,True,False
-0.34011496486324705,-0.160330393787702,0.21657526679474798,False,-1.7921584574420133,False,False,False,False,False
-0.29344352623832176,-0.08279053746896871,0.12503069536355912,False,-1.7921584574420133,False,False,False,False,False
-0.3265651923592364,-0.17066904129686644,-0.5550146924109869,False,-1.3641957844593295,False,False,False,False,False
-0.2874214051254282,-0.051774594941475405,1.2104877566190844,False,0.7756175804540889,False,False,False,True,False
-0.3386094345850236,-0.15774573191041089,0.556597960682021,True,1.2035802534367726,False,False,False,False,False
0.9441023624613093,-0.4498125240443062,-0.39808114138609174,False,0.7756175804540889,False,False,False,True,False
0.7363391840664808,-0.5971382510498995,-0.6596370597609171,True,1.2035802534367726,False,False,False,False,False
0.12659942138600555,-0.4498125240443062,-0.8819595903795187,True,1.2035802534367726,False,False,False,False,False
-0.3084988290205557,-0.14999174627853756,0.033486123932370195,False,-0.9362331114766458,True,False,False,False,False
13.27138428055447,5.864516442177874,0.5696757566007623,True,1.2035802534367726,False,False,False,False,False
-0.3084988290205557,-0.1318991131374998,0.3735088178196432,False,1.2035802534367726,False,False,False,False,False
-0.3115098895770025,-0.14223776064666424,0.32119763414467817,False,0.7756175804540889,False,False,False,True,False
-0.23322231510938593,-0.5092597472220018,-2.307439345522317,True,0.7756175804540889,False,False,False,True,False
-0.28892693540365155,-0.11897580375104425,0.2950420423071956,False,-0.9362331114766458,True,False,False,False,False
0.03476207441437846,0.38244860044343104,0.5173645729257973,False,-0.9362331114766458,True,False,False,False,False
-0.282904814290758,-0.14999174627853756,-0.04498065158007744,True,0.7756175804540889,False,False,False,True,False
-0.25731079956096026,0.14982903148723112,2.1913224505246798,False,-0.9362331114766458,True,False,False,False,False
0.7799995621349591,3.166129442285956,1.7074440015312529,False,-0.9362331114766458,True,False,False,False,False
-0.27086057206497083,-0.062113242450639844,0.6219869402757274,False,-0.9362331114766458,True,False,False,False,False
-0.18805640676268406,-0.051774594941475405,0.1773418790385242,False,-0.9362331114766458,True,False,False,False,False
-0.3100043592987791,-0.17066904129686644,-0.38500334546735043,False,-0.9362331114766458,True,False,False,False,False
-0.3205430712463429,-0.14740708440124647,0.26888645046971305,False,-0.08030776551127845,False,False,False,False,False
0.06487267997884637,0.14207504585535782,0.21657526679474798,False,-0.08030776551127845,False,False,False,False,False
0.7769885015785125,1.1035692642076504,0.4650533892508321,False,0.7756175804540889,False,False,False,True,False
-0.27838822345608777,-0.20426964570165085,-0.5942480801672108,False,0.7756175804540889,False,False,False,True,False
-0.14138496813775883,0.038688570763713424,0.5958313484382448,False,0.7756175804540889,False,False,False,True,False
-0.2151559517707052,-0.12156046562833536,0.09887510352607655,False,0.7756175804540889,False,False,False,True,False
-0.2452665573351731,-0.07503655183709539,0.21657526679474798,False,-0.08030776551127845,False,False,False,False,False
2.4255441562331304,1.7238881147575167,0.556597960682021,False,0.7756175804540889,False,False,False,True,False
-0.29344352623832176,-0.14740708440124647,0.033486123932370195,False,0.7756175804540889,False,False,False,True,False
0.15369896639402666,0.010257290113511229,0.09887510352607655,False,0.7756175804540889,False,False,False,True,False
0.006156999128133912,-0.028512638045855413,0.07271951168859399,False,0.7756175804540889,False,False,False,True,False
0.44577184036936535,0.3307553628976088,0.1773418790385242,False,0.7756175804540889,False,False,False,True,False
0.03024548357970826,-0.16291505566499312,-0.2280697944424552,False,0.7756175804540889,False,False,False,True,False
1.8323652266131125,-0.26371686887934637,-0.26730318219867905,False,0.7756175804540889,False,False,False,True,False
-0.09772459006928035,0.09555113206411783,0.6481425321132099,False,0.7756175804540889,False,False,False,True,False
-0.1790232250933437,-0.04402060930960208,0.15118628720104163,False,0.7756175804540889,False,False,False,True,False
0.6761179729375449,0.051611880150168994,-0.07113624341755997,False,0.7756175804540889,False,False,False,True,False
-0.3115098895770025,-0.1551610700331198,-0.018825059742594873,False,0.7756175804540889,False,False,False,True,False
1.5402923526377739,-2.0316255929464653,-0.8819595903795187,False,0.7756175804540889,False,False,False,True,False
-0.23773890594405614,-0.11380647999646203,0.12503069536355912,False,0.7756175804540889,False,False,False,True,False
0.5797640351312475,0.4186338667255065,0.2558086545509718,False,0.7756175804540889,False,False,False,True,False
-0.33559837402857684,-0.17325370317415756,-1.0127375495669313,False,-0.9362331114766458,True,False,False,False,False
-0.04503103033146151,0.14982903148723112,0.9750874300817416,False,0.7756175804540889,False,False,False,True,False
-0.3024767079076621,-0.0802058755916776,1.0143208178379655,False,1.2035802534367726,False,False,False,False,False
-0.33710390430680026,-0.160330393787702,0.11195289944481783,False,1.2035802534367726,False,False,False,False,False
-0.2663439812303007,-0.23011626447456196,-0.9996597536481902,False,0.7756175804540889,False,False,False,True,False
-0.30699329874233233,-0.160330393787702,-0.1496030189300076,False,1.2035802534367726,False,False,False,False,False
0.021212301910367867,0.1446597077326489,0.6742981239506926,False,0.7756175804540889,False,False,False,True,False
-0.2768826931778644,-0.15774573191041089,-0.1496030189300076,False,0.7756175804540889,False,False,False,True,False
-0.12331860479907808,-0.013004666782108766,0.6089091443569862,True,1.2035802534367726,False,False,False,False,False
1.8850587863509314,-0.9615755757479458,-0.6727148556796584,True,1.2035802534367726,False,False,False,False,False
-0.2452665573351731,-0.08279053746896871,0.4650533892508321,False,1.2035802534367726,False,False,False,False,False
-0.2949490565165452,-0.137068436892082,0.3996644096571258,False,-0.5082704384939621,False,False,False,False,False
-0.32505966208101306,-0.137068436892082,0.6219869402757274,False,-0.9362331114766458,True,False,False,False,False
0.37952850812753597,0.04902721827287785,0.1642640831197829,True,1.2035802534367726,False,False,False,False,False
0.28919669143413224,0.4212185286027977,0.6089091443569862,True,0.7756175804540889,False,False,False,True,False
-0.31452095013344933,-0.16291505566499312,-0.25422538627993774,False,-1.7921584574420133,False,False,False,False,False
-0.29946564735121534,-0.09571384685542426,1.4458880831564274,False,-0.9362331114766458,True,False,False,False,False
-0.2844103445689814,-0.1913463363151953,-0.6465592638421759,False,-0.5082704384939621,False,False,False,False,False
-0.3130154198552259,-0.17583836505144865,-0.8427262026232949,False,0.7756175804540889,False,False,False,True,False
-0.3386094345850236,-0.15257640815582865,1.6812884096937701,False,0.7756175804540889,False,False,False,True,False
-0.3265651923592364,-0.15774573191041089,-0.07113624341755997,False,-0.9362331114766458,True,False,False,False,False
-0.3416204951414704,-0.160330393787702,0.2950420423071956,False,-1.7921584574420133,False,False,False,False,False
-0.3340928437503534,-0.20685430757894196,-2.6997732230845553,False,0.7756175804540889,False,False,False,True,False
-0.32957625291568327,-0.24820889761559975,-3.615218937396444,False,0.7756175804540889,False,False,False,True,False
-0.18956193704090749,-0.013004666782108766,0.3342754300634194,False,-0.9362331114766458,True,False,False,False,False
-0.28892693540365155,-0.11380647999646203,0.32119763414467817,False,-0.9362331114766458,True,False,False,False,False
-0.25731079956096026,-0.137068436892082,0.1773418790385242,True,0.7756175804540889,False,False,False,True,False
-0.3039822381858855,-0.12931445126020868,0.30811983822593686,False,-0.5082704384939621,False,False,False,False,False
-0.31452095013344933,-0.14999174627853756,0.1642640831197829,False,0.7756175804540889,False,False,False,True,False
-0.3130154198552259,-0.18100768880603088,-0.6596370597609171,True,0.7756175804540889,False,False,False,True,False
-0.32505966208101306,-0.17583836505144865,-1.0258153454856727,True,0.7756175804540889,False,False,False,True,False
-0.32355413180278964,-0.18100768880603088,-0.8819595903795187,True,0.7756175804540889,False,False,False,True,False
-0.282904814290758,-0.20168498382435976,-1.0650487332418968,True,1.2035802534367726,False,False,False,False,False
-0.13084625619019508,-0.17842302692873976,-0.3065365699549028,True,0.7756175804540889,False,False,False,True,False
-0.3340928437503534,-0.160330393787702,-0.07113624341755997,False,0.7756175804540889,False,False,False,True,False
-0.3039822381858855,-0.1654997175422842,-0.3065365699549028,True,0.7756175804540889,False,False,False,True,False
-0.32355413180278964,-0.16291505566499312,-0.1888364066862314,False,0.7756175804540889,False,False,False,True,False
-0.3340928437503534,-0.1654997175422842,-0.39808114138609174,False,0.7756175804540889,False,False,False,True,False
-0.32355413180278964,-0.19910032194706864,-1.3789158352916873,False,0.7756175804540889,False,False,False,True,False
4.304445943455928,4.0759304230924265,0.3473532259821608,False,-0.9362331114766458,True,False,False,False,False
-0.3115098895770025,-0.10088317061000648,0.2034974708760067,False,-1.7921584574420133,False,False,False,False,False
-0.3386094345850236,-0.15257640815582865,0.9881652260004831,False,-1.3641957844593295,False,False,False,False,False
-0.3416204951414704,-0.16291505566499312,-0.6334814679234346,False,-0.9362331114766458,True,False,False,False,False
-0.3386094345850236,-0.160330393787702,0.2034974708760067,False,-1.7921584574420133,False,False,False,False,False
-0.32355413180278964,-0.160330393787702,-0.03190285566133615,False,-0.5082704384939621,False,False,False,False,False
-0.3130154198552259,-0.14223776064666424,0.19041967495726547,False,-0.9362331114766458,True,False,False,False,False
-0.2663439812303007,-0.11122181811917092,0.2034974708760067,False,0.7756175804540889,False,False,False,True,False
-0.2663439812303007,-0.2171929550881064,-0.9342707740544838,True,1.2035802534367726,False,False,False,False,False
-0.04201996977501473,-0.015589328659399866,0.046563919851111475,False,-0.9362331114766458,True,False,False,False,False
-0.33108178319390663,-0.22753160259727084,-3.0005625292156046,False,1.2035802534367726,False,False,False,False,False
-0.26032186011740704,-0.38002665335744634,-1.7974053046914078,False,0.7756175804540889,False,False,False,True,False
-0.31452095013344933,-0.1551610700331198,0.08579730760733527,True,1.2035802534367726,False,False,False,False,False
0.7980659254736399,0.6693460688227442,0.5042867770070559,False,-0.08030776551127845,False,False,False,False,False
-0.26784951150852404,-0.14999174627853756,-0.09729183525504251,False,0.7756175804540889,False,False,False,True,False
-0.3205430712463429,-0.13448377501479092,0.3473532259821608,False,-0.9362331114766458,True,False,False,False,False
-0.22418913344004557,-0.0802058755916776,0.360431021900902,False,-0.9362331114766458,True,False,False,False,False
-0.2949490565165452,-0.002666019272944319,1.6943662056125113,False,-0.5082704384939621,False,False,False,False,False
0.06938927081351651,1.132000544857853,2.0343888994997847,False,-1.7921584574420133,False,False,False,False,False
-0.13837390758131204,0.07745849892308009,0.4519755933320909,False,-0.08030776551127845,False,False,False,False,False
-0.30699329874233233,-0.14223776064666424,0.033486123932370195,False,-1.3641957844593295,False,False,False,False,False
-0.3039822381858855,-0.12414512750562647,0.24273085863223054,False,-0.08030776551127845,False,False,False,False,False
-0.06610845422658908,0.2196149021740911,0.7789204913006227,False,-1.3641957844593295,False,False,False,False,False
-0.12632966535552487,-0.06469790432793096,0.22965306271348926,False,0.7756175804540889,False,False,False,True,False
-0.32807072263745984,-0.11122181811917092,2.178244654605938,False,0.7756175804540889,False,False,False,True,False
-0.32505966208101306,-0.2120236313335242,-1.902027672041338,False,0.7756175804540889,False,False,False,True,False
0.2605916161478878,0.7287932920004396,0.8312316749755877,False,-0.08030776551127845,False,False,False,False,False
3.2340139156390935,2.1451880007559674,0.2950420423071956,True,-0.08030776551127845,False,False,False,False,False
-0.3009711776294387,-0.1318991131374998,0.3473532259821608,True,1.2035802534367726,False,False,False,False,False
-0.32204860152456627,-0.20685430757894196,-1.6012383659102887,True,1.2035802534367726,False,False,False,False,False
-0.3024767079076621,-0.13448377501479092,0.360431021900902,True,1.2035802534367726,False,False,False,False,False
-0.2407499665005029,-0.160330393787702,-0.20191420260497267,True,0.7756175804540889,False,False,False,True,False
-0.33258731347213005,-0.1654997175422842,-0.4503923250610568,False,0.7756175804540889,False,False,False,True,False
-0.16547345258933313,-0.1060524943645887,0.07271951168859399,True,0.7756175804540889,False,False,False,True,False
-0.33108178319390663,-0.15774573191041089,0.07271951168859399,True,1.2035802534367726,False,False,False,False,False
-0.2693550417867474,-0.1060524943645887,0.4127422055758671,True,0.7756175804540889,False,False,False,True,False
0.012179120241027526,-0.5506143372586595,-1.3919936312104284,True,0.7756175804540889,False,False,False,True,False
-0.3340928437503534,-0.1551610700331198,0.5173645729257973,True,1.2035802534367726,False,False,False,False,False
-0.15794580119821616,-0.03885128555501986,0.1642640831197829,False,0.7756175804540889,False,False,False,True,False
-0.3386094345850236,-0.160330393787702,0.05964171576985276,False,-1.3641957844593295,False,False,False,False,False
-0.3175320106898961,-0.1654997175422842,-0.25422538627993774,False,-1.7921584574420133,False,False,False,False,False
-0.3386094345850236,-0.16291505566499312,-0.37192554954860924,True,1.2035802534367726,False,False,False,False,False
-0.29645458679476855,-0.137068436892082,0.11195289944481783,False,0.7756175804540889,False,False,False,True,False
11.186224845215067,18.958413512534634,1.9951555117435607,True,0.7756175804540889,False,False,False,True,False
1.2783300842269032,-0.3283334158116241,-0.42423673322357425,True,1.2035802534367726,False,False,False,False,False
0.3132851758857066,0.09296647018682673,0.2558086545509718,True,0.7756175804540889,False,False,False,True,False
-0.2076283003795882,-0.3386720633207886,-1.1565933046730854,False,-0.5082704384939621,False,False,False,False,False
-0.07363610561770606,0.12398241271432003,0.42582000149460836,False,-0.9362331114766458,True,False,False,False,False
0.8883977421670436,1.346527480673015,0.5827535525195036,False,-0.9362331114766458,True,False,False,False,False
-0.33710390430680026,-0.1654997175422842,-0.5027035087360219,False,-0.5082704384939621,False,False,False,False,False
-0.33559837402857684,-0.16291505566499312,-0.24114759036119648,False,-0.9362331114766458,True,False,False,False,False
-0.2482776178916199,-0.12931445126020868,-0.0057472638238536215,False,-0.5082704384939621,False,False,False,False,False
0.03626760469260182,0.832179767092084,1.2104877566190844,False,-0.9362331114766458,True,False,False,False,False
0.34490131172839794,1.6644408915798212,1.8774553484748895,False,0.7756175804540889,False,False,False,True,False
-0.08568034784349317,-0.04402060930960208,0.020408328013628914,False,-0.9362331114766458,True,False,False,False,False
0.8070991071429804,0.07228917516849784,-0.08421403933630123,True,1.2035802534367726,False,False,False,False,False
-0.33710390430680026,-0.1551610700331198,0.5958313484382448,False,-1.3641957844593295,False,False,False,False,False
-0.07514163589592941,-0.17066904129686644,-0.25422538627993774,True,0.7756175804540889,False,False,False,True,False
-0.10224118090395054,1.183693782403675,3.499102042398807,False,-0.9362331114766458,True,False,False,False,False
0.7092396390584597,-0.160330393787702,-0.2280697944424552,False,0.7756175804540889,False,False,False,True,False
-0.0194370156016638,-0.02334331429127319,0.08579730760733527,False,0.7756175804540889,False,False,False,True,False
-0.01341489448877024,-0.08795986122355094,-0.058058447498818694,False,-1.3641957844593295,False,False,False,False,False
-0.2919379959600984,-0.12414512750562647,0.26888645046971305,True,1.2035802534367726,False,False,False,False,False
-0.3084988290205557,-0.12931445126020868,0.38658661373838454,False,0.7756175804540889,False,False,False,True,False
-0.33559837402857684,-0.18359235068332197,-1.3004490597792393,False,-0.08030776551127845,False,False,False,False,False
-0.037503378940344535,-0.4084579340076485,-0.7119482434358823,False,0.7756175804540889,False,False,False,True,False
0.36447320534530203,0.38244860044343104,0.2558086545509718,False,0.7756175804540889,False,False,False,True,False
-0.2196725426053754,-0.24820889761559975,-0.5680924883297283,False,-0.9362331114766458,True,False,False,False,False
-0.22569466371826896,-0.09054452310084204,0.19041967495726547,False,-0.9362331114766458,True,False,False,False,False
-0.23924443622227953,-0.12931445126020868,-0.0057472638238536215,False,-0.9362331114766458,True,False,False,False,False
-0.10525224146039733,-0.6565854742275951,-1.7450941210164426,True,0.7756175804540889,False,False,False,True,False
4.945801841979095,1.072553321680157,0.033486123932370195,True,1.2035802534367726,False,False,False,False,False
-0.282904814290758,-0.2120236313335242,-0.947348569973225,False,0.7756175804540889,False,False,False,True,False
-0.32957625291568327,-0.14482242252395533,0.09887510352607655,True,-1.7921584574420133,False,False,False,False,False
-0.32807072263745984,-0.15257640815582865,0.09887510352607655,False,-1.7921584574420133,False,False,False,False,False
-0.1504181498070992,-0.2120236313335242,-0.43731452914231556,False,-0.9362331114766458,True,False,False,False,False
-0.2663439812303007,-0.1654997175422842,-0.24114759036119648,False,-0.9362331114766458,True,False,False,False,False
5.442626833792815,0.9820901559749682,-0.03190285566133615,True,1.2035802534367726,False,False,False,False,False
-0.3175320106898961,-0.14223776064666424,0.22965306271348926,False,-0.9362331114766458,True,False,False,False,False
2.0386228747297177,0.9329815803064374,0.24273085863223054,True,1.2035802534367726,False,False,False,False,False
-0.3205430712463429,-0.23011626447456196,-2.006650039391268,False,0.7756175804540889,False,False,False,True,False
0.1371381333335693,0.11881308895973783,0.4781311851695735,True,1.2035802534367726,False,False,False,False,False
-0.3100043592987791,-0.14740708440124647,0.05964171576985276,False,-1.7921584574420133,False,False,False,False,False
0.13111601222067573,0.7649785582825152,0.30811983822593686,False,-1.7921584574420133,False,False,False,False,False
-0.33559837402857684,-0.17066904129686644,-0.9342707740544838,False,0.7756175804540889,False,False,False,True,False
-0.04804209088790829,-0.395534624621193,-0.9865819577294488,False,0.7756175804540889,False,False,False,True,False
-0.27236610234319425,-0.17842302692873976,-0.38500334546735043,False,-0.5082704384939621,False,False,False,False,False
-0.3100043592987791,-0.13965309876937312,0.21657526679474798,False,-0.9362331114766458,True,False,False,False,False
-0.13987943785953544,-0.10088317061000648,-0.0057472638238536215,False,-1.3641957844593295,False,False,False,False,False
-0.1504181498070992,-0.30765612079329524,-1.1042821209981204,True,0.7756175804540889,False,False,False,True,False
-0.33710390430680026,-0.15774573191041089,0.1642640831197829,False,-1.7921584574420133,False,False,False,False,False
-0.1474070892506524,-0.302486797038713,-1.1173599169168615,False,-0.08030776551127845,False,False,False,False,False
0.4758824459338333,0.27906212535178665,0.11195289944481783,False,-0.08030776551127845,False,False,False,False,False
-0.33710390430680026,-0.1551610700331198,0.2558086545509718,False,-0.9362331114766458,True,False,False,False,False
-0.1835398159280139,-0.08795986122355094,0.22965306271348926,False,-0.5082704384939621,False,False,False,False,False
0.2997354033816961,0.06195052765933339,0.5304423688445384,True,1.2035802534367726,False,False,False,False,False
1.4665213690048275,1.8763831655176924,0.7266093076256576,True,0.7756175804540889,False,False,False,True,False
-0.33108178319390663,-0.17842302692873976,-0.8296484067045535,True,-0.08030776551127845,False,False,False,False,False
-0.33559837402857684,-0.19910032194706864,-3.1444182843217585,True,1.2035802534367726,False,False,False,False,False
-0.1428904984159822,-0.2688861926339286,-0.5288591005735044,True,0.7756175804540889,False,False,False,True,False
-0.037503378940344535,-0.033681961800437636,-0.0057472638238536215,False,-0.9362331114766458,True,False,False,False,False
-0.2798937537343112,-0.137068436892082,0.6089091443569862,True,0.7756175804540889,False,False,False,True,False
-0.3175320106898961,-0.20426964570165085,-1.3135268556979809,False,0.7756175804540889,False,False,False,True,False
-0.3100043592987791,-0.15774573191041089,-0.13652522301126632,False,0.7756175804540889,False,False,False,True,False
-0.2618273903956304,-0.11639114187375314,0.21657526679474798,False,0.7756175804540889,False,False,False,True,False
-0.3340928437503534,-0.16291505566499312,-0.3196143658736441,False,0.7756175804540889,False,False,False,True,False
-0.2798937537343112,-0.17325370317415756,-0.411158937304833,False,0.7756175804540889,False,False,False,True,False
-0.33710390430680026,-0.1654997175422842,-0.8427262026232949,False,0.7756175804540889,False,False,False,True,False
0.054333968031282556,0.8787036808833238,1.9559221239873368,False,-0.9362331114766458,True,False,False,False,False
-0.27236610234319425,-0.31799476830245965,-1.9281832638788203,True,1.2035802534367726,False,False,False,False,False
0.10100540665620783,-0.16291505566499312,-0.2280697944424552,False,0.7756175804540889,False,False,False,True,False
-0.3039822381858855,-0.08279053746896871,0.700453715788175,False,-0.5082704384939621,False,False,False,False,False
2.570075062942576,-0.007835343027526543,-0.1757586107674901,True,1.2035802534367726,False,False,False,False,False
-0.23924443622227953,-0.27664017826580195,-1.091204325079379,True,0.7756175804540889,False,False,False,True,False
2.0627113591812924,1.4499139557646592,0.26888645046971305,False,0.7756175804540889,False,False,False,True,False
-0.27086057206497083,-0.20426964570165085,-0.5942480801672108,False,0.7756175804540889,False,False,False,True,False
-0.3265651923592364,-0.14740708440124647,0.8312316749755877,False,-0.08030776551127845,False,False,False,False,False
1.133799177517457,2.2795904183751055,0.9227762464067767,False,-0.9362331114766458,True,False,False,False,False
1.2632747814446692,1.3827127469550902,0.360431021900902,False,-0.9362331114766458,True,False,False,False,False
0.03024548357970826,0.21703024029679996,0.6873759198694337,False,-0.08030776551127845,False,False,False,False,False
-0.3386094345850236,-0.15774573191041089,0.5435201647632798,True,0.7756175804540889,False,False,False,True,False
-0.3340928437503534,-0.14999174627853756,0.5304423688445384,False,-0.9362331114766458,True,False,False,False,False
0.969696377191107,1.4654219270284057,0.6481425321132099,False,-0.9362331114766458,True,False,False,False,False
0.17327086001093076,0.5271896655717331,0.6350647361944686,False,-0.9362331114766458,True,False,False,False,False
-0.22720019399649238,0.09038180830953564,1.4197324913189446,False,-1.3641957844593295,False,False,False,False,False
0.028739953301484843,0.5065123705534043,1.7859107770437004,False,-0.08030776551127845,False,False,False,False,False
-0.29645458679476855,-0.1318991131374998,0.3342754300634194,True,1.2035802534367726,False,False,False,False,False
-0.3205430712463429,-0.12931445126020868,0.5173645729257973,False,-0.9362331114766458,True,False,False,False,False
-0.3340928437503534,-0.15257640815582865,0.4127422055758671,False,-0.9362331114766458,True,False,False,False,False
-0.3386094345850236,-0.15774573191041089,0.2950420423071956,False,-0.9362331114766458,True,False,False,False,False
-0.2768826931778644,-0.12931445126020868,0.07271951168859399,False,-1.7921584574420133,False,False,False,False,False
-0.3416204951414704,-0.16291505566499312,-0.3196143658736441,False,-1.3641957844593295,False,False,False,False,False
-0.06610845422658908,0.04644255639558675,0.4912089810883147,True,1.2035802534367726,False,False,False,False,False
-0.3024767079076621,-0.0802058755916776,1.2627989402940496,False,0.7756175804540889,False,False,False,True,False
-0.29344352623832176,-0.2352855882291442,-1.078126529160638,False,-0.5082704384939621,False,False,False,False,False
-0.2949490565165452,-0.16291505566499312,-0.2280697944424552,False,-0.5082704384939621,False,False,False,False,False
-0.07062504506125922,0.5220203418171508,0.9620096341630003,False,-0.9362331114766458,True,False,False,False,False
-0.3265651923592364,-0.160330393787702,-0.1496030189300076,True,0.7756175804540889,False,False,False,True,False
-0.29796011707299197,-0.13965309876937312,0.12503069536355912,True,0.7756175804540889,False,False,False,True,False
0.5918082773570347,3.530566766984003,2.805978858705519,False,-0.9362331114766458,True,False,False,False,False
-0.3205430712463429,-0.15257640815582865,0.2558086545509718,False,0.7756175804540889,False,False,False,True,False
1.3475844770251793,2.4527627641536096,1.4066546954002035,False,-0.08030776551127845,False,False,False,False,False
-0.34011496486324705,-0.15774573191041089,0.22965306271348926,False,-0.9362331114766458,True,False,False,False,False
-0.1790232250933437,0.0335192470091312,1.0797097974316718,False,0.7756175804540889,False,False,False,True,False
-0.23322231510938593,0.06453518953662454,1.4589658790751687,False,-0.5082704384939621,False,False,False,False,False
-0.12934072591197168,0.19376828340118002,0.700453715788175,False,-0.08030776551127845,False,False,False,False,False
-0.19859511871024785,0.20669159278763558,0.9096984504880352,False,-1.7921584574420133,False,False,False,False,False
0.950124483574203,0.7494705870187685,0.32119763414467817,False,0.7756175804540889,False,False,False,True,False
-0.23171678483116254,-0.2197776169653975,-0.8688817944607775,False,-0.08030776551127845,False,False,False,False,False
-0.10976883229506752,0.0309345851318401,0.3996644096571258,False,-0.9362331114766458,True,False,False,False,False
-0.13987943785953544,0.18084497401472446,1.040476409675448,False,-1.3641957844593295,False,False,False,False,False
-0.029975727549227556,-0.002666019272944319,0.19041967495726547,True,0.7756175804540889,False,False,False,True,False
-0.3175320106898961,-0.2120236313335242,-1.470460406722876,False,0.7756175804540889,False,False,False,True,False
-0.3130154198552259,-0.17583836505144865,-0.5288591005735044,False,0.7756175804540889,False,False,False,True,False
-0.32355413180278964,-0.22494694071997975,-1.7974053046914078,True,0.7756175804540889,False,False,False,True,False
-0.3175320106898961,-0.14223776064666424,0.30811983822593686,False,-0.9362331114766458,True,False,False,False,False
0.2666137372607813,-0.48341312844909073,-0.48962571281728057,False,-0.9362331114766458,True,False,False,False,False
-0.3265651923592364,-0.2146082932108153,-2.111272406741198,False,0.7756175804540889,False,False,False,True,False
-0.28892693540365155,-0.16291505566499312,-0.2280697944424552,False,0.7756175804540889,False,False,False,True,False
-0.33710390430680026,-0.16291505566499312,-0.13652522301126632,False,-0.9362331114766458,True,False,False,False,False
2.0100177994434736,-0.19651566006977753,-0.24114759036119648,False,0.7756175804540889,False,False,False,True,False
-0.29645458679476855,-0.1318991131374998,0.22965306271348926,False,0.7756175804540889,False,False,False,True,False
-0.210639360936035,-0.3386720633207886,-1.1173599169168615,False,0.7756175804540889,False,False,False,True,False
-0.09471352951283357,0.11881308895973783,0.5304423688445384,False,0.7756175804540889,False,False,False,True,False
-0.3386094345850236,-0.17842302692873976,-2.6082286516533664,False,0.7756175804540889,False,False,False,True,False
-0.3416204951414704,-0.16291505566499312,-0.8165706107858124,False,0.7756175804540889,False,False,False,True,False
-0.32505966208101306,-0.16291505566499312,-0.29345877403616155,False,1.2035802534367726,False,False,False,False,False
-0.26032186011740704,-0.09571384685542426,0.5827535525195036,False,0.7756175804540889,False,False,False,True,False
-0.10374671118217393,-0.3128254445478775,-0.7250260393546234,False,0.7756175804540889,False,False,False,True,False
-0.2949490565165452,-0.14223776064666424,0.1773418790385242,False,-0.5082704384939621,False,False,False,False,False
-0.33559837402857684,-0.1654997175422842,-0.7119482434358823,True,1.2035802534367726,False,False,False,False,False
-0.17601216453689691,-0.04143594743231096,0.556597960682021,True,1.2035802534367726,False,False,False,False,False
-0.3039822381858855,-0.12156046562833536,0.556597960682021,False,0.7756175804540889,False,False,False,True,False
-0.3386094345850236,-0.16291505566499312,-0.04498065158007744,False,-0.08030776551127845,False,False,False,False,False
-0.3205430712463429,-0.14223776064666424,0.4650533892508321,True,-0.08030776551127845,False,False,False,False,False
-0.1504181498070992,-0.18100768880603088,-0.29345877403616155,False,0.7756175804540889,False,False,False,True,False
-0.31452095013344933,-0.14223776064666424,0.4781311851695735,False,-0.9362331114766458,True,False,False,False,False
-0.27838822345608777,-0.1654997175422842,-0.26730318219867905,False,-0.9362331114766458,True,False,False,False,False
-0.3340928437503534,-0.160330393787702,-0.04498065158007744,False,0.7756175804540889,False,False,False,True,False
-0.2151559517707052,-0.062113242450639844,0.2558086545509718,False,-0.9362331114766458,True,False,False,False,False
-0.12783519563374826,-0.5195983947311662,-0.7773372230295885,False,-0.9362331114766458,True,False,False,False,False
-0.3386094345850236,-0.14999174627853756,0.4781311851695735,False,-1.7921584574420133,False,False,False,False,False
-0.3084988290205557,-0.2973174732841308,-1.9543388557163028,False,0.7756175804540889,False,False,False,True,False
-0.2813992840125346,-0.2120236313335242,-0.7381038352733648,False,-0.9362331114766458,True,False,False,False,False
-0.33108178319390663,-0.16808437941957532,-0.37192554954860924,False,-0.9362331114766458,True,False,False,False,False
-0.32957625291568327,-0.14740708440124647,0.1642640831197829,False,-0.5082704384939621,False,False,False,False,False
-0.33710390430680026,-0.18617701256061311,-2.2289725700098697,False,0.7756175804540889,False,False,False,True,False
-0.33258731347213005,-0.17583836505144865,-1.235060080185533,False,-0.5082704384939621,False,False,False,False,False
-0.3024767079076621,-0.04402060930960208,0.8966206545692941,False,-1.3641957844593295,False,False,False,False,False
-0.33559837402857684,-0.13965309876937312,1.2235655525378257,False,-1.3641957844593295,False,False,False,False,False
0.10100540665620783,3.1557907947767916,5.016126368972794,False,-1.3641957844593295,False,False,False,False,False
2.729661272434256,0.6796847163319086,0.07271951168859399,False,-0.08030776551127845,False,False,False,False,False
-0.2136504214924818,0.23253821156054666,1.9689999199060781,False,-1.7921584574420133,False,False,False,False,False
-0.3340928437503534,-0.1551610700331198,-0.07113624341755997,False,-1.7921584574420133,False,False,False,False,False
-0.11880201396440788,0.26355415408803995,1.4066546954002035,False,-0.9362331114766458,True,False,False,False,False
-0.2919379959600984,-0.09312918497813315,0.8835428586505528,False,0.7756175804540889,False,False,False,True,False
-0.18956193704090749,0.4082952192163421,1.5766660423438401,False,-1.3641957844593295,False,False,False,False,False
-0.3340928437503534,-0.160330393787702,0.09887510352607655,True,0.7756175804540889,False,False,False,True,False
-0.23472784538760935,0.08262782267766229,2.2828670219558687,False,-0.5082704384939621,False,False,False,False,False
-0.022448076158110578,-0.630738855454684,-1.2481378761042743,True,0.7756175804540889,False,False,False,True,False
3.9084914802831743,-4.758443873488586,-1.1042821209981204,True,0.7756175804540889,False,False,False,True,False
-0.3009711776294387,-0.26371686887934637,-2.215894774091128,True,0.7756175804540889,False,False,False,True,False
0.2876911611559088,0.2971547584928244,0.24273085863223054,False,0.7756175804540889,False,False,False,True,False
-0.19859511871024785,0.4599884567621643,2.583656328086918,False,-0.9362331114766458,True,False,False,False,False
-0.30699329874233233,-0.14999174627853756,0.07271951168859399,False,0.7756175804540889,False,False,False,True,False
-0.15493474064176938,0.24029219719241995,2.3613337974683164,False,-0.08030776551127845,False,False,False,False,False
-0.3386094345850236,-0.14999174627853756,0.3342754300634194,False,-1.7921584574420133,False,False,False,False,False
-0.2407499665005029,-0.1034678324872976,0.15118628720104163,False,0.7756175804540889,False,False,False,True,False
-0.30699329874233233,-0.06469790432793096,0.8181538790568464,False,-1.7921584574420133,False,False,False,False,False
-0.34011496486324705,-0.1551610700331198,0.30811983822593686,False,-1.7921584574420133,False,False,False,False,False
-0.22268360316182217,-0.5609529847678241,-2.4774506924659536,True,0.34765490747140526,False,False,False,False,False
-0.22569466371826896,-0.11639114187375314,0.2034974708760067,True,0.7756175804540889,False,False,False,True,False
-0.34011496486324705,-0.1551610700331198,0.3473532259821608,False,-1.7921584574420133,False,False,False,False,False
-0.33710390430680026,-0.14740708440124647,0.30811983822593686,False,-1.7921584574420133,False,False,False,False,False
-0.32957625291568327,-0.12931445126020868,1.5112770627501337,False,-1.3641957844593295,False,False,False,False,False
-0.290432465681875,-0.13965309876937312,0.09887510352607655,False,0.7756175804540889,False,False,False,True,False
0.33887919061550426,0.2764774634744955,0.360431021900902,False,0.7756175804540889,False,False,False,True,False
0.7709663804656188,-0.9951761801527306,-0.9342707740544838,True,1.2035802534367726,False,False,False,False,False
0.07992798276108032,0.1730909883828511,0.26888645046971305,False,1.2035802534367726,False,False,False,False,False
-0.33108178319390663,-0.160330393787702,-0.04498065158007744,False,1.2035802534367726,False,False,False,False,False
-0.22117807288359878,-0.32057943017975077,-1.0519709373231552,False,0.7756175804540889,False,False,False,True,False
-0.34011496486324705,-0.160330393787702,0.4650533892508321,False,1.2035802534367726,False,False,False,False,False
0.24854737392210055,-0.14740708440124647,-0.20191420260497267,False,-0.5082704384939621,False,False,False,False,False
-0.2693550417867474,-0.031097299923146537,0.42582000149460836,False,-0.08030776551127845,False,False,False,False,False
-0.06460292394836566,-0.059528580573348734,0.1642640831197829,True,1.2035802534367726,False,False,False,False,False
-0.33258731347213005,-0.1654997175422842,-0.42423673322357425,True,0.7756175804540889,False,False,False,True,False
0.11154411860377159,0.05678120390475119,0.1773418790385242,False,1.2035802534367726,False,False,False,False,False
-0.2813992840125346,-0.1318991131374998,0.38658661373838454,True,0.7756175804540889,False,False,False,True,False
-0.3416204951414704,-0.17325370317415756,-3.419051998615325,False,0.7756175804540889,False,False,False,True,False
-0.3431260254196938,-0.16291505566499312,-0.8819595903795187,False,0.7756175804540889,False,False,False,True,False
-0.282904814290758,-0.12414512750562647,0.19041967495726547,False,0.7756175804540889,False,False,False,True,False
-0.1474070892506524,-0.8607737625335927,-2.4120617128722475,False,0.7756175804540889,False,False,False,True,False
-0.3431260254196938,-0.16291505566499312,-0.03190285566133615,False,-1.7921584574420133,False,False,False,False,False
-0.32505966208101306,-0.15257640815582865,-0.12344742709252504,False,-1.7921584574420133,False,False,False,False,False
-0.10073565062572713,-0.007835343027526543,0.6089091443569862,True,0.7756175804540889,False,False,False,True,False
0.0197067716321445,0.643499450049833,1.0273986137567068,False,-0.9362331114766458,True,False,False,False,False
-0.3115098895770025,-0.12156046562833536,0.6219869402757274,False,0.7756175804540889,False,False,False,True,False
-0.14138496813775883,-0.031097299923146537,0.4127422055758671,False,0.7756175804540889,False,False,False,True,False
-0.2813992840125346,-0.13448377501479092,0.26888645046971305,False,0.7756175804540889,False,False,False,True,False
-0.32505966208101306,-0.15774573191041089,-0.058058447498818694,False,-0.9362331114766458,True,False,False,False,False
-0.2949490565165452,-0.1887616744379042,-0.5942480801672108,False,0.7756175804540889,False,False,False,True,False
-0.12934072591197168,0.23512287343783775,0.3735088178196432,False,-1.7921584574420133,False,False,False,False,False
-0.25128867844806674,-0.1654997175422842,-0.24114759036119648,True,0.7756175804540889,False,False,False,True,False
0.3945838109097699,0.6512534356817063,0.6089091443569862,False,0.7756175804540889,False,False,False,True,False
-0.3130154198552259,-0.15774573191041089,-0.13652522301126632,False,-1.7921584574420133,False,False,False,False,False
-0.06610845422658908,0.04127323264100455,0.5042867770070559,False,-0.08030776551127845,False,False,False,False,False
-0.15192368008532262,-0.09054452310084204,0.007330532094887661,False,0.7756175804540889,False,False,False,True,False
-0.3205430712463429,-0.17066904129686644,-0.5680924883297283,True,0.7756175804540889,False,False,False,True,False
-0.3130154198552259,-0.15774573191041089,-0.1496030189300076,False,-0.9362331114766458,True,False,False,False,False
-0.24376102705694974,-0.12931445126020868,0.13810849128230032,True,0.7756175804540889,False,False,False,True,False
-0.04503103033146151,0.47032710427132873,2.649045307680624,False,-0.5082704384939621,False,False,False,False,False
-0.14439602869420562,0.594390874381302,1.1974099607003432,False,-1.7921584574420133,False,False,False,False,False
-0.16246239203288637,0.6951926875956553,2.4398005729807637,False,-1.3641957844593295,False,False,False,False,False
-0.19859511871024785,0.059365865782042296,0.09887510352607655,False,-1.7921584574420133,False,False,False,False,False
-0.33710390430680026,-0.14999174627853756,0.32119763414467817,False,-1.7921584574420133,False,False,False,False,False
-0.3175320106898961,-0.137068436892082,0.2950420423071956,False,-1.7921584574420133,False,False,False,False,False
-0.32355413180278964,-0.15257640815582865,0.09887510352607655,False,-1.7921584574420133,False,False,False,False,False
-0.3386094345850236,-0.160330393787702,0.3342754300634194,False,0.7756175804540889,False,False,False,True,False
-0.30699329874233233,-0.19910032194706864,-0.7642594271108473,True,1.2035802534367726,False,False,False,False,False
-0.3190375409681195,-0.1551610700331198,-0.018825059742594873,False,0.7756175804540889,False,False,False,True,False
-0.31452095013344933,-0.137068436892082,0.30811983822593686,False,1.2035802534367726,False,False,False,False,False
-0.3054877684641089,-0.27405551638851083,-2.006650039391268,False,0.7756175804540889,False,False,False,True,False
0.31930729699860017,0.42380319048008874,0.360431021900902,False,0.7756175804540889,False,False,False,True,False
-0.3386094345850236,-0.15774573191041089,0.007330532094887661,False,-1.7921584574420133,False,False,False,False,False
0.46534373398626955,0.405710557339051,0.1773418790385242,False,0.7756175804540889,False,False,False,True,False
-0.3190375409681195,-0.15257640815582865,0.033486123932370195,False,-1.7921584574420133,False,False,False,False,False
-0.33559837402857684,-0.16808437941957532,-0.6334814679234346,False,-1.3641957844593295,False,False,False,False,False
-0.25128867844806674,-0.23011626447456196,-0.6857926515983996,True,1.2035802534367726,False,False,False,False,False
-0.03298678810567433,-0.4549818477988885,-0.6857926515983996,True,1.2035802534367726,False,False,False,False,False
-0.22569466371826896,-0.39294996274390187,-1.326604651616722,True,1.2035802534367726,False,False,False,False,False
-0.32957625291568327,-0.17583836505144865,-0.6857926515983996,False,0.7756175804540889,False,False,False,True,False
-0.13987943785953544,-0.07503655183709539,0.007330532094887661,False,-1.7921584574420133,False,False,False,False,False
-0.3340928437503534,-0.17066904129686644,-0.8427262026232949,False,0.7756175804540889,False,False,False,True,False
-0.33108178319390663,-0.17066904129686644,-0.6465592638421759,False,0.7756175804540889,False,False,False,True,False
-0.3054877684641089,-0.25337822137018196,-1.6927829373414776,False,0.7756175804540889,False,False,False,True,False
-0.32807072263745984,-0.15774573191041089,0.033486123932370195,False,0.7756175804540889,False,False,False,True,False
-0.3009711776294387,-0.2611322070020553,-2.1374279985786804,False,-0.08030776551127845,False,False,False,False,False
0.6429963068166302,0.4289725142346709,0.30811983822593686,False,-0.5082704384939621,False,False,False,False,False
-0.3009711776294387,-0.2611322070020553,-1.9935722434725267,True,1.2035802534367726,False,False,False,False,False
-0.3009711776294387,-0.3128254445478775,-2.3335949373598,False,0.7756175804540889,False,False,False,True,False
-0.13686837730308865,-0.47824380469450845,-1.2873712638604982,False,0.7756175804540889,False,False,False,True,False
-0.2844103445689814,-0.09571384685542426,0.556597960682021,False,0.7756175804540889,False,False,False,True,False
-0.22418913344004557,-0.10088317061000648,0.11195289944481783,False,-0.9362331114766458,True,False,False,False,False
-0.27387163262141767,-0.302486797038713,-1.3658380393729457,False,0.7756175804540889,False,False,False,True,False
-0.1504181498070992,0.051611880150168994,0.4127422055758671,False,-0.9362331114766458,True,False,False,False,False
0.13262154249889915,-0.12414512750562647,-0.16268081484874886,False,0.7756175804540889,False,False,False,True,False
0.17025979945448405,-0.3464260489526619,-0.46347012097979806,False,0.7756175804540889,False,False,False,True,False
0.8341986521510015,1.354281466304888,0.5042867770070559,False,-0.9362331114766458,True,False,False,False,False
-0.31452095013344933,-0.1654997175422842,-0.3065365699549028,False,-0.9362331114766458,True,False,False,False,False
-0.2482776178916199,-0.08795986122355094,0.26888645046971305,False,-0.9362331114766458,True,False,False,False,False
0.2440307830874304,0.2764774634744955,0.24273085863223054,True,0.7756175804540889,False,False,False,True,False
-0.3431260254196938,-0.16291505566499312,0.360431021900902,False,-1.7921584574420133,False,False,False,False,False
0.007662529406357328,-0.10863715624187982,0.09887510352607655,True,0.7756175804540889,False,False,False,True,False
-0.26333292067385383,-0.1654997175422842,-0.2803809781174203,True,0.7756175804540889,False,False,False,True,False
-0.10374671118217393,0.5840522268721375,2.3874893893057987,True,-0.08030776551127845,False,False,False,False,False
-0.32957625291568327,-0.11897580375104425,0.5696757566007623,False,-1.7921584574420133,False,False,False,False,False
-0.2844103445689814,-0.10088317061000648,0.3342754300634194,False,-1.3641957844593295,False,False,False,False,False
-0.282904814290758,-0.11380647999646203,0.24273085863223054,False,-1.7921584574420133,False,False,False,False,False
-0.24376102705694974,-0.05694391869605763,0.42582000149460836,False,-0.9362331114766458,True,False,False,False,False
0.07240033136996334,0.2247842259286733,0.3996644096571258,False,-0.9362331114766458,True,False,False,False,False
-0.18203428564979052,-0.06986722808251317,0.22965306271348926,False,0.7756175804540889,False,False,False,True,False
-0.3205430712463429,-0.1551610700331198,0.11195289944481783,False,0.7756175804540889,False,False,False,True,False
-0.24677208761339647,-0.09571384685542426,0.1773418790385242,False,-0.9362331114766458,True,False,False,False,False
-0.32957625291568327,-0.15257640815582865,0.020408328013628914,False,-0.5082704384939621,False,False,False,False,False
-0.32505966208101306,-0.137068436892082,0.8966206545692941,False,-0.5082704384939621,False,False,False,False,False
-0.1489126195288758,0.09038180830953564,0.3342754300634194,False,-0.5082704384939621,False,False,False,False,False
-0.33108178319390663,-0.14223776064666424,0.12503069536355912,False,-1.7921584574420133,False,False,False,False,False
-0.3205430712463429,-0.14999174627853756,0.13810849128230032,False,0.7756175804540889,False,False,False,True,False
-0.34011496486324705,-0.160330393787702,0.2819642463884543,False,0.7756175804540889,False,False,False,True,False
-0.34011496486324705,-0.16291505566499312,-0.1888364066862314,False,0.7756175804540889,False,False,False,True,False
-0.3265651923592364,-0.15774573191041089,-0.018825059742594873,False,0.7756175804540889,False,False,False,True,False
-0.32807072263745984,-0.160330393787702,-0.09729183525504251,False,0.7756175804540889,False,False,False,True,False
-0.29645458679476855,-0.15257640815582865,-0.08421403933630123,False,0.7756175804540889,False,False,False,True,False
-0.19708958843202445,-0.06728256620522205,0.2034974708760067,False,0.7756175804540889,False,False,False,True,False
0.20789805641006892,0.1679216646282689,0.1773418790385242,False,0.7756175804540889,False,False,False,True,False
1.5914803820973693,-0.1551610700331198,-0.2280697944424552,True,0.7756175804540889,False,False,False,True,False
-0.3265651923592364,-0.15257640815582865,0.08579730760733527,False,-1.7921584574420133,False,False,False,False,False
0.6821400940504384,0.18342963589201558,0.30811983822593686,True,0.7756175804540889,False,False,False,True,False
-0.32355413180278964,-0.14999174627853756,0.2034974708760067,False,-0.9362331114766458,True,False,False,False,False
-0.3009711776294387,-0.1060524943645887,1.2758767362127907,False,0.7756175804540889,False,False,False,True,False
-0.3416204951414704,-0.16808437941957532,-2.4382173047097297,False,0.7756175804540889,False,False,False,True,False
-0.08869140839994001,-0.12931445126020868,-0.11036963117378377,True,1.2035802534367726,False,False,False,False,False
2.503831730700747,4.13020832251554,0.4127422055758671,False,-0.9362331114766458,True,True,True,False,True
-0.19257299759735427,-0.12931445126020868,-0.04498065158007744,False,-1.3641957844593295,False,False,False,False,False
-0.3205430712463429,-0.13965309876937312,0.3735088178196432,False,0.7756175804540889,False,False,False,True,False
-0.17601216453689691,-0.14740708440124647,-0.1496030189300076,False,-0.9362331114766458,True,False,False,False,False
-0.12632966535552487,-0.06728256620522205,0.13810849128230032,True,0.7756175804540889,False,False,False,True,False
-0.08116375700882303,-0.07245188995980428,0.26888645046971305,True,0.7756175804540889,False,False,False,True,False
-0.210639360936035,0.2713081397199133,1.3543435117252383,False,-0.5082704384939621,False,False,False,False,False
8.024611260945937,-0.6695087836140506,-0.29345877403616155,True,1.2035802534367726,False,False,False,False,False
-0.3054877684641089,-0.14223776064666424,0.19041967495726547,False,0.7756175804540889,False,False,False,True,False
-0.33710390430680026,-0.160330393787702,0.3473532259821608,True,1.2035802534367726,False,False,False,False,False
-0.31452095013344933,-0.2120236313335242,-1.3135268556979809,False,0.7756175804540889,False,False,False,True,False
-0.3416204951414704,-0.18359235068332197,-4.7006759986519695,False,0.7756175804540889,False,False,False,True,False
-0.15192368008532262,0.09038180830953564,0.5435201647632798,False,1.2035802534367726,False,False,False,False,False
-0.32505966208101306,-0.16291505566499312,-0.20191420260497267,False,1.2035802534367726,False,False,False,False,False
-0.27838822345608777,-0.13448377501479092,0.09887510352607655,False,1.2035802534367726,False,False,False,False,False
-0.2844103445689814,-0.14482242252395533,0.07271951168859399,False,1.2035802534367726,False,False,False,False,False
-0.10224118090395054,-0.046605271186893185,0.2558086545509718,False,0.7756175804540889,False,False,False,True,False
-0.26784951150852404,-0.08279053746896871,0.4912089810883147,False,-0.9362331114766458,True,False,False,False,False
0.3945838109097699,0.5866368887494287,0.38658661373838454,False,-0.9362331114766458,True,False,False,False,False
1.5086762167950827,0.8166717958283374,0.1773418790385242,False,0.7756175804540889,False,False,False,True,False
1.3852227339807641,-0.04918993306418429,-0.1888364066862314,False,0.7756175804540889,False,False,False,True,False
0.06637821025706973,-0.015589328659399866,0.020408328013628914,False,-0.9362331114766458,True,False,False,False,False
-0.27086057206497083,-0.17066904129686644,-0.3065365699549028,False,0.7756175804540889,False,False,False,True,False
-0.15342921036354598,-0.2146082932108153,-0.5811702842484695,True,0.7756175804540889,False,False,False,True,False
-0.28591587484720477,-0.14999174627853756,-0.13652522301126632,False,-1.3641957844593295,False,False,False,False,False
0.6535350187641941,-0.6229848698228106,-0.43731452914231556,False,-0.9362331114766458,True,False,False,False,False
2.710089378817352,-0.9589909138706548,-0.43731452914231556,True,0.7756175804540889,False,False,False,True,False
0.23048101058341985,0.27906212535178665,0.2034974708760067,False,-0.9362331114766458,True,False,False,False,False
-0.20160617926669464,0.06711985141391565,1.1320209811066368,False,0.7756175804540889,False,False,False,True,False
2.0807777225199726,-0.031097299923146537,-0.1757586107674901,True,0.7756175804540889,False,False,False,True,False
0.4307165375871314,0.23770753531512887,0.2558086545509718,False,0.7756175804540889,False,False,False,True,False
-0.2844103445689814,-0.07245188995980428,1.1974099607003432,False,0.7756175804540889,False,False,False,True,False
-0.2618273903956304,-0.22236227884268864,-0.7904150189483298,False,0.7756175804540889,False,False,False,True,False
-0.29946564735121534,-0.1034678324872976,0.7658426953818813,False,0.7756175804540889,False,False,False,True,False
-0.2813992840125346,-0.15774573191041089,-0.1757586107674901,False,1.2035802534367726,False,False,False,False,False
-0.3054877684641089,-0.14482242252395533,0.07271951168859399,False,-0.9362331114766458,True,False,False,False,False
-0.33258731347213005,-0.17325370317415756,-1.1435155087543443,False,1.2035802534367726,False,False,False,False,False
-0.1474070892506524,-0.5066750853447107,-1.6404717536665125,True,1.2035802534367726,False,False,False,False,False
-0.3024767079076621,-0.137068436892082,0.4912089810883147,True,1.2035802534367726,False,False,False,False,False
-0.1835398159280139,-0.08279053746896871,0.08579730760733527,False,0.7756175804540889,False,False,False,True,False
-0.3265651923592364,-0.160330393787702,-0.018825059742594873,False,-0.08030776551127845,False,False,False,False,False
0.7002064573891192,-1.8765458803089987,-1.235060080185533,True,0.7756175804540889,False,False,False,True,False
-0.32957625291568327,-0.17325370317415756,-0.7250260393546234,False,0.7756175804540889,False,False,False,True,False
-0.33710390430680026,-0.16808437941957532,-0.7119482434358823,True,0.7756175804540889,False,False,False,True,False
0.20338146557539868,0.26096949221074883,0.6481425321132099,True,1.2035802534367726,False,False,False,False,False
-0.33108178319390663,-0.160330393787702,-0.0057472638238536215,False,0.7756175804540889,False,False,False,True,False
-0.12482413507730147,0.007672628236220105,0.6481425321132099,False,-0.08030776551127845,False,False,False,False,False
-0.2166614820489286,-0.12414512750562647,0.05964171576985276,True,1.2035802534367726,False,False,False,False,False
-0.06309739367014225,0.20152226903305331,0.6089091443569862,False,-0.9362331114766458,True,False,False,False,False
0.41867229536134426,0.5840522268721375,0.6089091443569862,True,0.7756175804540889,False,False,False,True,False
-0.26483845095207725,-0.11639114187375314,0.3473532259821608,False,-0.9362331114766458,True,False,False,False,False
-0.3205430712463429,-0.15257640815582865,-0.0057472638238536215,False,-1.7921584574420133,False,False,False,False,False
-0.2949490565165452,-0.18100768880603088,-0.4503923250610568,False,-0.9362331114766458,True,False,False,False,False
-0.32355413180278964,-0.15257640815582865,0.07271951168859399,False,-1.7921584574420133,False,False,False,False,False
-0.23773890594405614,-0.08279053746896871,0.2819642463884543,False,-0.9362331114766458,True,False,False,False,False
-0.3386094345850236,-0.160330393787702,0.24273085863223054,False,-1.3641957844593295,False,False,False,False,False
-0.3265651923592364,-0.1551610700331198,0.046563919851111475,False,-1.7921584574420133,False,False,False,False,False
1.3912448550936578,6.756224789843307,1.8382219607186656,False,-0.9362331114766458,True,False,False,False,False
-0.13235178646841844,0.359186643547811,1.0797097974316718,False,-0.9362331114766458,True,False,False,False,False
-0.3175320106898961,-0.13448377501479092,0.4781311851695735,False,-0.9362331114766458,True,False,False,False,False
-0.2813992840125346,0.14724436960994003,5.27768228734762,False,0.7756175804540889,False,False,False,True,False
-0.32505966208101306,-0.17066904129686644,-0.4503923250610568,True,-0.08030776551127845,False,False,False,False,False
-0.29946564735121534,-0.15257640815582865,-0.08421403933630123,False,-0.9362331114766458,True,False,False,False,False
-0.11127436257329092,-0.2688861926339286,-0.46347012097979806,False,-0.9362331114766458,True,False,False,False,False
-0.2482776178916199,-0.2094389694562331,-0.47654791689853937,False,-0.9362331114766458,True,False,False,False,False
-0.3115098895770025,-0.15257640815582865,-0.04498065158007744,False,-0.9362331114766458,True,False,False,False,False
-0.17601216453689691,-0.23011626447456196,-0.43731452914231556,False,-0.9362331114766458,True,False,False,False,False
-0.26784951150852404,-0.13965309876937312,-0.018825059742594873,False,-0.9362331114766458,True,False,False,False,False
-0.1428904984159822,0.5659595937310997,1.7335995933687351,False,-1.3641957844593295,False,False,False,False,False
-0.28591587484720477,-0.14482242252395533,0.05964171576985276,False,0.7756175804540889,False,False,False,True,False
-0.33108178319390663,-0.16808437941957532,-0.5550146924109869,False,-0.9362331114766458,True,False,False,False,False
-0.3130154198552259,-0.09312918497813315,0.8835428586505528,False,-1.3641957844593295,False,False,False,False,False
6.767493478629403,5.9110403559691145,0.8835428586505528,True,1.2035802534367726,False,False,False,False,False
-0.33108178319390663,-0.17325370317415756,-0.6204036720046933,False,0.7756175804540889,False,False,False,True,False
-0.26032186011740704,-0.08795986122355094,0.3473532259821608,False,0.7756175804540889,False,False,False,True,False
-0.2813992840125346,-0.39036530086661075,-2.3597505291972825,False,0.7756175804540889,False,False,False,True,False
0.3840450989622061,1.9306610649408054,1.9689999199060781,False,-1.3641957844593295,False,False,False,False,False
0.5767529745748008,0.0541965420274601,-0.018825059742594873,False,-0.9362331114766458,True,False,False,False,False
-0.32957625291568327,-0.1551610700331198,0.21657526679474798,False,0.7756175804540889,False,False,False,True,False
-0.3340928437503534,-0.137068436892082,0.2819642463884543,False,-1.7921584574420133,False,False,False,False,False
-0.3190375409681195,-0.12931445126020868,0.43889779741334956,False,-0.08030776551127845,False,False,False,False,False
-0.23773890594405614,-0.028512638045855413,0.360431021900902,False,-0.08030776551127845,False,False,False,False,False
-0.33258731347213005,-0.17583836505144865,-0.9081151822170013,False,-1.3641957844593295,False,False,False,False,False
-0.22870572427471578,-0.09312918497813315,0.360431021900902,False,0.7756175804540889,False,False,False,True,False
-0.2844103445689814,-0.09829850873271537,0.3473532259821608,False,-0.9362331114766458,True,False,False,False,False
-0.3009711776294387,-0.41104259588493963,-3.6675301210714095,True,0.7756175804540889,False,False,False,True,False
-0.26784951150852404,-0.20685430757894196,-0.8165706107858124,False,1.2035802534367726,False,False,False,False,False
-0.32355413180278964,-0.14999174627853756,0.3342754300634194,True,1.2035802534367726,False,False,False,False,False
-0.3265651923592364,-0.16291505566499312,-0.21499199852371392,False,1.2035802534367726,False,False,False,False,False
-0.27838822345608777,-0.1887616744379042,-0.46347012097979806,False,-0.9362331114766458,True,False,False,False,False
-0.18655087648446067,-0.05694391869605763,0.360431021900902,False,0.7756175804540889,False,False,False,True,False
-0.0028761825412064283,0.4212185286027977,1.2235655525378257,True,1.2035802534367726,False,False,False,False,False
-0.07213057533948264,-0.16808437941957532,-0.24114759036119648,False,-0.9362331114766458,True,False,False,False,False
2.222297568672972,-0.7082787117734173,-0.42423673322357425,False,0.34765490747140526,False,False,False,False,False
0.02723442302326148,-0.007835343027526543,0.1773418790385242,False,-0.9362331114766458,True,False,False,False,False
-0.27537716289964104,-0.14999174627853756,-0.11036963117378377,True,-0.9362331114766458,True,False,False,False,False
-0.14439602869420562,-0.33350273956620635,-0.7773372230295885,False,-0.08030776551127845,False,False,False,False,False
-0.2091338306578116,-0.2430395738610175,-0.6334814679234346,False,0.7756175804540889,False,False,False,True,False
-0.2452665573351731,-0.5480296753813685,-3.1182626924842762,True,1.2035802534367726,False,False,False,False,False
-0.3386094345850236,-0.1913463363151953,-3.8244636720963046,True,0.7756175804540889,False,False,False,True,False
0.10552199749087803,-1.323428238568701,-1.9151054679600792,True,0.7756175804540889,False,False,False,True,False
-0.3416204951414704,-0.16808437941957532,-1.6797051414227362,False,0.7756175804540889,False,False,False,True,False
-0.33258731347213005,-0.17842302692873976,-1.5489271822353237,True,0.7756175804540889,False,False,False,True,False
-0.32807072263745984,-0.1913463363151953,-1.758171916935184,False,0.7756175804540889,False,False,False,True,False
-0.3175320106898961,-0.20685430757894196,-1.6927829373414776,True,0.7756175804540889,False,False,False,True,False
-0.3054877684641089,-0.2120236313335242,-1.4050714271291695,False,0.7756175804540889,False,False,False,True,False
-0.3175320106898961,-0.19910032194706864,-1.4573826108041348,True,0.7756175804540889,False,False,False,True,False
-0.2813992840125346,0.0025033044816379045,1.2758767362127907,False,-0.9362331114766458,True,False,False,False,False
-0.2798937537343112,-0.025927976168564314,1.092787593350413,False,1.2035802534367726,False,False,False,False,False
-0.3431260254196938,-0.16291505566499312,-2.5166840802221775,False,0.7756175804540889,False,False,False,True,False
-0.3054877684641089,-0.14999174627853756,0.07271951168859399,False,0.7756175804540889,False,False,False,True,False
-0.1127798928515143,0.005087966358929005,0.5173645729257973,True,0.7756175804540889,False,False,False,True,False
-0.2618273903956304,-0.13448377501479092,0.033486123932370195,False,0.7756175804540889,False,False,False,True,False
-0.27236610234319425,-0.31799476830245965,-1.6404717536665125,False,-0.08030776551127845,False,False,False,False,False
-0.33559837402857684,-0.17583836505144865,-1.2481378761042743,False,0.7756175804540889,False,False,False,True,False
-0.1474070892506524,-0.046605271186893185,0.8312316749755877,False,0.7756175804540889,False,False,False,True,False
-0.33108178319390663,-0.1551610700331198,0.2558086545509718,False,0.7756175804540889,False,False,False,True,False
-0.28591587484720477,-0.09312918497813315,0.5304423688445384,False,-0.9362331114766458,True,False,False,False,False
0.31780176672037674,1.095815278575777,1.184332164781602,False,-0.9362331114766458,True,False,False,False,False
-0.34011496486324705,-0.160330393787702,0.1642640831197829,False,0.7756175804540889,False,False,False,True,False
-0.3054877684641089,-0.15257640815582865,-0.0057472638238536215,False,0.7756175804540889,False,False,False,True,False
-0.27236610234319425,-0.2404549119837264,-1.0127375495669313,True,0.7756175804540889,False,False,False,True,False
-0.32505966208101306,-0.15257640815582865,0.26888645046971305,True,0.7756175804540889,False,False,False,True,False
-0.06460292394836566,0.17567565026014223,0.5696757566007623,False,0.7756175804540889,False,False,False,True,False
-0.23623337566583275,-0.12672978938291757,0.05964171576985276,False,0.7756175804540889,False,False,False,True,False
-0.23171678483116254,-0.11122181811917092,0.2034974708760067,True,0.7756175804540889,False,False,False,True,False
0.2154257078011859,-0.12931445126020868,-0.1496030189300076,False,0.34765490747140526,False,False,False,False,False
-0.27387163262141767,-0.13448377501479092,0.5173645729257973,False,0.7756175804540889,False,False,False,True,False
-0.33710390430680026,-0.16808437941957532,-1.0258153454856727,False,1.2035802534367726,False,False,False,False,False
-0.3100043592987791,-0.17325370317415756,-0.46347012097979806,False,0.7756175804540889,False,False,False,True,False
-0.2919379959600984,-0.12414512750562647,0.21657526679474798,False,-1.3641957844593295,False,False,False,False,False
0.12057730027311198,-0.12672978938291757,-0.07113624341755997,True,1.2035802534367726,False,False,False,False,False
-0.29796011707299197,0.051611880150168994,1.0273986137567068,False,-1.7921584574420133,False,False,False,False,False
-0.008898303654100041,0.10330511769599118,0.9096984504880352,True,0.7756175804540889,False,False,False,True,False
-0.12783519563374826,0.15241369336452223,0.9620096341630003,False,-0.5082704384939621,False,False,False,False,False
6.532630755226553,-0.584214941663444,-0.3196143658736441,True,1.2035802534367726,False,False,False,False,False
-0.3416204951414704,-0.16291505566499312,-0.37192554954860924,False,0.7756175804540889,False,False,False,True,False
-0.18203428564979052,-0.38778063898931964,-1.078126529160638,False,0.7756175804540889,False,False,False,True,False
-0.20612277010136484,0.06970451329120674,0.6873759198694337,False,-0.9362331114766458,True,False,False,False,False
-0.2618273903956304,0.005087966358929005,0.7527648994631401,False,-0.9362331114766458,True,False,False,False,False
-0.26333292067385383,-0.22494694071997975,-0.8558039985420361,True,0.7756175804540889,False,False,False,True,False
0.3433957814501745,0.09296647018682673,0.05964171576985276,False,0.7756175804540889,False,False,False,True,False
-0.2949490565165452,-0.25337822137018196,-1.4050714271291695,False,0.7756175804540889,False,False,False,True,False
-0.3130154198552259,-0.18617701256061311,-0.8427262026232949,False,0.7756175804540889,False,False,False,True,False
-0.3084988290205557,0.012841951990802328,6.297750369009439,False,-0.08030776551127845,False,False,False,False,False
-0.3160264804116727,-0.18359235068332197,-0.8034928148670711,False,0.7756175804540889,False,False,False,True,False
-0.24677208761339647,-0.1913463363151953,-0.46347012097979806,False,0.7756175804540889,False,False,False,True,False
-0.3100043592987791,-0.5351063659949129,-4.949154121108053,True,0.7756175804540889,False,False,False,True,False
-0.14138496813775883,-0.03626662367772874,0.24273085863223054,False,-0.9362331114766458,True,False,False,False,False
-0.32204860152456627,-0.1551610700331198,-0.018825059742594873,False,-0.9362331114766458,True,False,False,False,False
